TimeStamp,Light,Moisture 1,Moisture 2,Temp,Humidity,Target
19:06:00,7.76E-05,0,0.00443028,0.210397009,0.351455984,1
11:55:00,0.758946019,1,0.889344963,0.191272526,0.371504984,0
18:39:00,0.086112261,0.081561131,0.088506927,0.220896881,0.214928276,1
14:26:00,0.720398821,0.980727874,0.809961716,0.262310842,0.076754755,0
13:34:00,0.77926926,1,0.871216008,0.283642909,0.081692195,0
15:19:00,0.68179702,0.925227461,0.76289616,0.263165391,0.067665376,0
20:39:00,0.004267536,0,0.010202471,0.173544597,0.529708803,1
00:54:00,0.000426754,0,0.011934128,0.108705715,0.426190877,1
04:42:00,0.000387958,0,0.016463078,0.03724408,0.714021209,1
11:26:00,0.738167287,1,0.869814895,0.175146876,0.379734052,0
12:53:00,0.998836127,1,0.91803489,0.954174826,0.346406329,0
07:49:00,0.671264685,0.9479092,0.833076792,0.02196111,0.878191101,0
02:33:00,0.000280192,0,0.012869848,0.08342136,0.521760272,1
21:32:00,0.004306331,0,0.009536449,0.161153641,0.564046457,1
12:54:00,0.998448169,1,0.915104393,0.952145273,0.343376536,0
16:03:00,0.686452514,0.93019024,0.764050598,0.274060887,0.08180441,0
16:18:00,0.644087523,0.868899917,0.711390457,0.269467687,0.08180441,0
00:25:00,0.000380638,0,0.011931615,0.118383882,0.41567235,1
10:48:00,0.717178771,0.992751892,0.845647341,0.158665163,0.502796013,0
16:26:00,0.622051521,0.835318445,0.682884714,0.267865409,0.108062616,0
05:07:00,3.88E-05,0,0.01743991,0.031155421,0.722100656,1
15:18:00,0.680167598,0.922249793,0.758988831,0.263806302,0.099983168,0
19:32:00,3.74E-05,0,0.003591585,0.207524776,0.364697301,1
01:17:00,0.00027157,0,0.011179303,0.102510237,0.482747012,1
04:45:00,0.000232775,0,0.016551881,0.040448638,0.732199966,1
12:33:00,0.837437065,1,0.978621515,0.230463078,0.199367858,0
00:12:00,0.000209351,0,0.009709866,0.118750693,0.413690599,1
16:49:00,0.546748914,0.724896609,0.590796069,0.257610824,0.126241374,0
09:23:00,0.66856766,0.933581472,0.807741643,0.07505786,0.619087696,0
19:20:00,0.000310366,0,0.001233374,0.209649279,0.359535432,1
02:34:00,0.000290968,0,0.012156135,0.083549938,0.518599562,1
20:18:00,0.00413175,0,0.009048033,0.179045754,0.561521629,1
19:19:00,0.000116387,0,0.00292063,0.209649279,0.348426191,1
08:58:00,0.646725636,0.900578991,0.77861428,0.069182838,0.708971554,0
20:33:00,0.004034761,0,0.008807936,0.175328863,0.530513008,1
18:13:00,0.227614836,0.275103391,0.238603623,0.229410717,0.18380744,1
08:50:00,0.64016915,0.892721257,0.772309271,0.066512373,0.707961623,0
14:37:00,0.698479205,0.95070306,0.785452106,0.255153997,0.066655445,0
18:58:00,0.001978585,0,0.005318309,0.213174292,0.339336812,1
15:16:00,0.677219119,0.916873449,0.753927063,0.264874488,0.057566066,0
09:05:00,0.654565257,0.910394265,0.785873097,0.078432536,0.691466083,0
11:28:00,0.73824919,1,0.869249188,0.173477341,0.369559932,0
07:10:00,0.275559234,0.36001593,0.317427741,0.028852887,0.65451009,1
18:31:00,0.131090937,0.137138131,0.130086435,0.222894784,0.243393368,1
19:55:00,0.004325729,0,0.010246872,0.18385259,0.52667901,1
19:29:00,0.000232775,0,0.00354225,0.207833363,0.352465915,1
11:27:00,0.737662942,1,0.867150807,0.175146876,0.389833361,0
12:43:00,0.993792675,1,1,0.563752893,0.126241374,0
03:24:00,9.70E-05,0,0.013932194,0.066458964,0.558491836,1
15:26:00,0.691401131,0.939625647,0.77595348,0.261218919,0.078774617,0
21:48:00,0.004422719,0,0.009714055,0.157949083,0.514559838,1
19:10:00,0.000186794,0,0.001795793,0.209582023,0.39776319,1
13:39:00,0.768311608,1,0.867683625,0.263592665,0.058575997,0
12:17:00,0.77738982,1,0.911019458,0.201637885,0.240363575,0
12:48:00,0.998913718,1,0.945741406,0.877051807,0.301969365,0
01:57:00,0.000290968,0,0.012777756,0.09017269,0.471132806,1
15:34:00,0.701117318,0.954177006,0.787316967,0.263165391,0.050496549,0
01:46:00,0.00036856,0,0.013443778,0.092789745,0.468607978,1
00:50:00,5.82E-05,0,0.011623318,0.109667082,0.39336812,1
22:04:00,0.004091857,0,0.010973213,0.154593367,0.509805541,1
06:31:00,0.000465549,0,0.018860757,0.031048602,0.685238175,1
12:30:00,0.820763501,1,0.960305087,0.222147054,0.228244403,0
05:34:00,0.000290968,0,0.018816356,0.030194054,0.692307692,1
17:39:00,0.388196312,0.500438072,0.411065504,0.242703697,0.123510819,0
04:23:00,0.00027157,0,0.016019063,0.049581627,0.659989901,1
00:07:00,0.000114191,0,0.010755395,0.120584748,0.442425994,1
04:59:00,0.000174581,0,0.017706319,0.03350543,0.68018852,1
12:40:00,0.878181254,1,1,0.301406445,0.118161926,0
05:55:00,0.000329764,0,0.018283538,0.035588392,0.658475004,1
18:37:00,0.098812849,0.094706369,0.096785334,0.221399323,0.208045784,1
10:12:00,0.6994491,0.971133168,0.832073647,0.126651237,0.525164114,0
08:04:00,0.622478274,0.867411084,0.753749457,0.041196368,0.800875274,0
05:31:00,0.000342574,0,0.017377078,0.028829597,0.67528178,1
06:25:00,0.000252173,0,0.018105932,0.033612249,0.670594176,1
16:42:00,0.569723199,0.757785743,0.618864375,0.255047178,0.105032823,0
09:29:00,0.675861266,0.943507031,0.816089119,0.080291971,0.628177075,0
23:46:00,0.003840782,0,0.013488179,0.124995549,0.4448746,1
19:00:00,0.000853507,0,0.003275842,0.212747018,0.311058744,1
00:37:00,0.000155183,0,0.012733354,0.113031868,0.405992257,1
20:43:00,0.004151148,0,0.010335675,0.173811643,0.527183976,1
22:20:00,0.004301208,0,0.01293358,0.154383761,0.470665951,1
00:56:00,0.000317551,0,0.010903027,0.108519771,0.419645028,1
11:11:00,0.724433582,0.999338296,0.847525358,0.173865053,0.483756943,0
08:47:00,0.638351496,0.889446436,0.769539935,0.059608727,0.703136397,0
15:01:00,0.667171012,0.904052936,0.743181908,0.258038099,0.080794479,0
00:35:00,0.000310366,0,0.012333741,0.113779598,0.407507154,1
13:50:00,0.761056797,1,0.860401784,0.263699484,0.049486618,0
08:38:00,0.630244615,0.877260056,0.759021721,0.058888691,0.761487965,0
20:15:00,0.003976567,0,0.009358843,0.180007121,0.564551422,1
08:42:00,0.633884233,0.885111663,0.766181868,0.056471426,0.724120518,0
07:15:00,0.330775686,0.438709677,0.381905251,0.027618539,0.656455142,1
15:32:00,0.700069832,0.950537634,0.784208865,0.263485847,0.053526342,0
00:36:00,0.000290968,0,0.01077969,0.112604593,0.398417775,1
11:59:00,0.759020737,1,0.886694031,0.19363836,0.323851204,0
17:38:00,0.399286158,0.515053763,0.424024154,0.242869859,0.131291028,0
12:10:00,0.768078833,1,0.889085132,0.199287876,0.326207709,0
19:09:00,0.000116387,0,0.001055768,0.209862916,0.379734052,1
14:53:00,0.698556797,0.951364764,0.786073726,0.255047178,0.048476687,0
18:02:00,0.288213842,0.35955335,0.303784978,0.232401638,0.149469786,1
11:47:00,0.744917753,1,0.871502151,0.184119637,0.304999158,0
03:15:00,0.000116387,0,0.01379899,0.078636283,0.544857768,1
14:41:00,0.698013656,0.949627792,0.784475273,0.255260815,0.012119172,0
12:37:00,0.865269444,1,1,0.249389749,0.160466813,0
19:16:00,0.000116387,0,0.003275842,0.20879473,0.289850194,1
16:15:00,0.651963066,0.878329198,0.719471524,0.26925405,0.057566066,0
17:59:00,0.292968481,0.367343688,0.310501112,0.233137499,0.129345976,1
11:32:00,0.754112353,1,0.888907527,0.176428699,0.386803568,0
15:05:00,0.662787089,0.89834574,0.738208943,0.255794908,0.070695169,0
07:31:00,0.588648355,0.814557486,0.703042981,0.050382767,0.660494866,0
00:03:00,0.000228383,0,0.011583105,0.123152425,0.438957929,1
21:03:00,0.004345127,0,0.011800924,0.168897988,0.534758458,1
09:21:00,0.667132216,0.930934657,0.804811146,0.076980595,0.621107558,0
06:14:00,0.00039967,0,0.018161224,0.032969322,0.681722472,1
16:52:00,0.540153631,0.71497105,0.583159016,0.255581271,0.116142064,0
23:49:00,0.003635091,0,0.013848418,0.125196086,0.41567235,1
07:20:00,0.456471136,0.616873449,0.529788452,0.031903151,0.682713348,0
21:11:00,0.00422508,0,0.011103904,0.162977618,0.471161389,1
17:45:00,0.367628802,0.472456576,0.389302206,0.238063023,0.117151995,1
08:25:00,0.622922271,0.867463162,0.752266119,0.047368109,0.794553854,0
14:24:00,0.721679081,0.983953681,0.81280341,0.263485847,0.069685238,0
06:57:00,0.118726579,0.136917563,0.138874637,0.024944118,0.664235351,1
16:37:00,0.585040348,0.781472291,0.637506414,0.258251736,0.078774617,0
16:29:00,0.614292365,0.823576264,0.674020865,0.267184935,0.109895453,0
18:41:00,0.073944755,0.062282878,0.072897344,0.220758412,0.298939572,1
20:48:00,0.00422874,0,0.008604018,0.172155955,0.529203838,1
02:47:00,0.000174581,0,0.012511347,0.080879473,0.535263424,1
03:29:00,0.000290968,0,0.014820223,0.061545309,0.604443696,1
17:23:00,0.451233706,0.587344913,0.479081975,0.244258501,0.111092409,0
08:43:00,0.634989195,0.885463959,0.766632461,0.058785829,0.745927547,0
22:34:00,0.003840782,0,0.012244938,0.14833541,0.491331426,1
21:24:00,0.004148952,0,0.010755395,0.163292028,0.512778168,1
06:16:00,0.000484947,0,0.016907092,0.032917928,0.678673624,1
09:28:00,0.674697393,0.942431762,0.814668272,0.080078334,0.614038041,0
03:34:00,0.00027157,0,0.015441844,0.059355528,0.619087696,1
09:20:00,0.66755897,0.933085194,0.807120022,0.076339683,0.611008248,0
11:41:00,0.753977286,1,0.877629554,0.182940676,0.423048869,0
16:57:00,0.523626629,0.689909016,0.560159056,0.252910806,0.096953375,0
15:51:00,0.71166977,0.966666667,0.795220429,0.274274524,0.087863996,0
19:47:00,0.004655493,0,0.008559616,0.185775325,0.491836391,1
05:40:00,0.000247415,0,0.018640425,0.029039204,0.669336526,1
04:34:00,0.000494829,0,0.018335479,0.039833927,0.710953305,1
22:07:00,0.004110889,0,0.011713796,0.154802973,0.527145865,1
06:39:00,0.006832449,0,0.025828436,0.029301212,0.67528178,1
19:04:00,0.000155183,0,0.004163871,0.210610646,0.346406329,1
23:24:00,0.00486887,0,0.014775822,0.131137618,0.463558324,1
01:40:00,0.000392268,0,0.011159569,0.095456254,0.465840019,1
23:45:00,0.003749283,0,0.01328209,0.124514866,0.428553734,1
21:38:00,0.004480912,0,0.009358843,0.161634324,0.547382596,1
06:37:00,0.003375233,0,0.021436042,0.0304611,0.65897997,1
10:47:00,0.718032278,0.99611249,0.848324585,0.15591953,0.49082646,0
06:26:00,0.000717722,0,0.016685085,0.032383835,0.679683555,1
23:52:00,0.003918374,0,0.013488179,0.122965996,0.415586602,1
13:58:00,0.759078212,1,0.855073608,0.267438134,0.085844134,0
04:26:00,0.000247415,0,0.017769151,0.045702903,0.677758969,1
14:39:00,0.697315332,0.948635236,0.782610412,0.256329001,0.007069517,0
05:02:00,0.000266446,0,0.01798697,0.033178928,0.685190537,1
09:51:00,0.68924581,0.959470637,0.825058215,0.110307994,0.601918869,0
15:52:00,0.710777467,0.96757651,0.79646367,0.27534271,0.078774617,0
22:14:00,0.004170546,0,0.011712121,0.154477479,0.486281771,1
17:37:00,0.404174426,0.522663358,0.429529936,0.242228948,0.132300959,0
06:55:00,0.095398821,0.105789909,0.111437818,0.024532669,0.66453459,1
18:11:00,0.258069522,0.318444996,0.270483877,0.229624355,0.154519441,1
02:52:00,9.70E-05,0,0.012644551,0.080452199,0.524154183,1
09:55:00,0.691326413,0.960493827,0.825551565,0.113405733,0.595185996,0
01:51:00,0.000329764,0,0.010246872,0.089905644,0.463558324,1
04:39:00,0.000290968,0,0.017928326,0.041196368,0.701902037,1
23:53:00,0.003654123,0,0.013412781,0.123047622,0.423599356,1
17:14:00,0.470437616,0.613647643,0.49888503,0.24959943,0.090893789,0
01:29:00,0.000116387,0,0.012067332,0.097596582,0.487796667,1
13:22:00,0.819638423,1,0.838556262,0.422325085,0.052516411,0
21:04:00,0.003957169,0,0.011312507,0.167722984,0.511530045,1
06:51:00,0.059900683,0.063771712,0.079202352,0.026775859,0.647365763,1
18:53:00,0.011173184,0,0.012866559,0.213387929,0.270661505,1
11:15:00,0.730590615,1,0.859244057,0.169980021,0.439581814,0
00:42:00,0.000228383,0,0.01058114,0.114401362,0.413690599,1
03:52:00,0.000174581,0,0.015841457,0.052625957,0.617067834,1
11:46:00,0.74265754,1,0.865572088,0.183249263,0.305373207,0
04:30:00,0.000247415,0,0.016375113,0.04659373,0.708476116,1
20:16:00,0.004389671,0,0.010005131,0.179494788,0.554826161,1
15:55:00,0.706587523,0.956410256,0.786961756,0.276410895,0.105032823,0
07:53:00,0.666317505,0.938626964,0.82248293,0.031582695,0.860461202,0
17:01:00,0.511793917,0.670471464,0.543996921,0.252269895,0.105032823,0
17:51:00,0.328328678,0.417204301,0.347831235,0.235178921,0.131291028,1
23:34:00,0.003957169,0,0.014642618,0.129428521,0.464063289,1
01:53:00,0.000130756,0,0.012741577,0.089798825,0.471675176,1
18:25:00,0.166899441,0.187758478,0.170935786,0.224603881,0.186837233,1
02:32:00,0.00027157,0,0.012555749,0.08258857,0.522134321,1
18:28:00,0.151342334,0.165508685,0.153441607,0.223428877,0.202996129,1
22:05:00,0.004054159,0,0.011134902,0.153889977,0.518599562,1
13:05:00,0.998060211,1,0.90080712,0.91005875,0.339336812,0
02:26:00,0.000155183,0,0.011845325,0.085739719,0.515569769,1
10:17:00,0.701749546,0.975467941,0.835556696,0.128423635,0.532944323,0
02:41:00,0.00036856,0,0.014065398,0.080559017,0.539303148,1
07:32:00,0.586721498,0.809956193,0.701128784,0.051996914,0.637004619,0
06:15:00,0.000209351,0,0.017464205,0.032497707,0.682713348,1
16:23:00,0.628879578,0.84516129,0.691409796,0.268613139,0.119171857,0
16:50:00,0.544537554,0.721174524,0.586533528,0.257824461,0.126241374,0
20:17:00,0.004364525,0,0.00958085,0.179633256,0.550917354,1
23:29:00,0.003821384,0,0.012466946,0.129375111,0.462043427,1
23:44:00,0.003730251,0,0.013979109,0.123886047,0.427562859,1
02:04:00,0.000213377,0,0.012466946,0.092789745,0.47517253,1
19:02:00,0.000465549,0,0.00292063,0.212640199,0.360545363,1
05:00:00,0.000190319,0,0.017856278,0.033860148,0.689649478,1
08:12:00,0.610481757,0.850019912,0.737643236,0.035538939,0.814004376,0
13:26:00,0.800356921,1,0.859513755,0.343920242,0.026258206,0
11:51:00,0.754771881,1,0.882691321,0.190849208,0.349436122,0
02:21:00,0.000193979,0,0.011578916,0.085419263,0.505975425,1
22:48:00,9.52E-05,0,0.007836626,0.145423092,0.457784567,1
20:36:00,0.004301208,0,0.009099974,0.175082381,0.544981628,1
11:52:00,0.759349783,1,0.888641118,0.193840128,0.381753913,0
18:54:00,0.007914339,0,0.013221771,0.213067474,0.29691971,1
12:26:00,0.803150217,1,0.939969215,0.216912943,0.232284127,0
00:59:00,0.000252173,0,0.010824091,0.105554566,0.42467598,1
23:08:00,0.000310366,0,0.008204405,0.135730817,0.49082646,1
00:29:00,0.000342574,0,0.00940492,0.11665463,0.402295529,1
18:09:00,0.266837368,0.330851944,0.281495441,0.229624355,0.155529372,1
15:54:00,0.709109249,0.959966915,0.78980345,0.277265444,0.103012961,0
03:25:00,0.000155183,0,0.014509413,0.065551006,0.568591146,1
06:40:00,0.009349783,0,0.028140664,0.030087235,0.665039556,1
11:33:00,0.736792193,1,0.864203865,0.178414733,0.371504984,0
19:46:00,0.004286934,0,0.008115602,0.186042371,0.490321495,1
08:33:00,0.627327747,0.873531844,0.758900028,0.048246395,0.814004376,0
04:52:00,0.00027157,0,0.016907092,0.036977034,0.69483252,1
18:57:00,0.002987275,0,0.005407112,0.213281111,0.311058744,1
23:01:00,0.000285478,0,0.009317792,0.139134904,0.481070146,1
09:43:00,0.680555556,0.948387097,0.818664404,0.09620794,0.585759973,0
16:35:00,0.593303849,0.794871795,0.649317204,0.262204024,0.078774617,0
02:49:00,0.000349162,0,0.013354975,0.080291971,0.557986871,1
00:00:00,0.000290968,0,0.010557682,0.12264554,0.40346743,1
16:27:00,0.620305711,0.832754342,0.682351896,0.266904041,0.106042754,0
02:58:00,0.000193979,0,0.013843391,0.080772654,0.522639286,1
12:36:00,0.860994724,1,1,0.241374399,0.172698199,0
18:34:00,0.116335609,0.117005177,0.114930734,0.220896881,0.210065646,1
01:56:00,0.000407356,0,0.014465012,0.089692006,0.468103013,1
18:59:00,0.001435444,0,0.0050519,0.212640199,0.304999158,1
00:45:00,0.000135785,0,0.011534515,0.111269361,0.405487292,1
07:55:00,0.665735568,0.937138131,0.819197221,0.030621328,0.864500926,0
20:40:00,0.004110889,0,0.010058375,0.17403435,0.532100244,1
14:36:00,0.699061142,0.950785773,0.784297667,0.256542638,0.068675307,0
12:56:00,0.99852576,1,0.909776217,0.980772654,0.368624811,0
09:30:00,0.676249224,0.945822994,0.816799542,0.079971515,0.630196937,0
12:47:00,0.999224084,1,0.959949876,0.827167527,0.264601919,0
23:25:00,0.004403321,0,0.013976595,0.131297846,0.46507322,1
21:22:00,0.004072825,0,0.009884121,0.164287658,0.520209735,1
15:06:00,0.662670701,0.896277916,0.738208943,0.255367634,0.055546204,0
17:31:00,0.418718532,0.542094783,0.44441594,0.242806559,0.11086798,0
17:13:00,0.472664781,0.616487455,0.501966821,0.249904061,0.116703136,0
14:27:00,0.718150102,0.977937077,0.807166068,0.261836093,0.056406516,0
13:24:00,0.809163563,1,0.851610293,0.377034004,0.026258206,0
03:57:00,9.70E-05,0,0.014509413,0.055296422,0.614038041,1
15:00:00,0.668873715,0.905933891,0.743800239,0.257618737,0.063214199,0
01:16:00,0.000116387,0,0.009669653,0.102670465,0.461033496,1
10:27:00,0.702087213,0.973614557,0.832695268,0.136371729,0.520114459,0
05:54:00,0.000446151,0,0.017217903,0.035161118,0.670089211,1
19:21:00,7.76E-05,0,0.000700556,0.209115186,0.370644673,1
12:11:00,0.769009932,1,0.89565655,0.200249243,0.338326881,0
19:05:00,0.000298871,0,0.00282196,0.210713509,0.284950158,1
23:38:00,0.003976567,0,0.014020997,0.126491009,0.452449083,1
01:05:00,0.000149436,0,0.010903027,0.102862342,0.447848286,1
22:46:00,0.000543141,0,0.008914828,0.146199039,0.483251978,1
21:40:00,0.004472495,0,0.009709866,0.161824784,0.558853887,1
09:37:00,0.679782514,0.947192354,0.816401573,0.090055981,0.630196937,0
13:27:00,0.797214463,1,0.863865098,0.335695211,0.026258206,0
18:44:00,0.054546865,0.040529363,0.053804712,0.218835677,0.32721764,1
07:05:00,0.207285847,0.260545906,0.23700517,0.030300872,0.630196937,1
23:07:00,3.88E-05,0,0.007893594,0.136318319,0.478202323,1
06:19:00,0.000373589,0,0.01834274,0.031270152,0.696814977,1
12:34:00,0.84512725,1,0.989432451,0.231333452,0.184817371,0
10:19:00,0.703794227,0.977502068,0.83820105,0.125369414,0.514054873,0
00:40:00,9.70E-05,0,0.0110905,0.114100053,0.387813499,1
06:54:00,0.085117939,0.093879239,0.10424478,0.024639487,0.656455142,1
13:11:00,0.997478274,1,0.898054229,0.85867901,0.283790608,0
11:16:00,0.730291744,1,0.858004105,0.170019583,0.431240532,0
23:21:00,0.005780571,0,0.015575048,0.131191027,0.476182461,1
05:45:00,0.000290968,0,0.0171291,0.032704291,0.666554452,1
11:12:00,0.724899131,1,0.849035008,0.174719601,0.453459014,0
08:56:00,0.645150815,0.898526483,0.777407217,0.068557751,0.70994408,0
18:38:00,0.092760708,0.086931348,0.092878004,0.221292505,0.23531392,1
09:00:00,0.648737269,0.903703704,0.782367026,0.068763476,0.691466083,0
05:21:00,0.000349162,0,0.016685085,0.03500089,0.691802727,1
09:35:00,0.677529485,0.94598842,0.816710739,0.088196546,0.603938731,0
01:47:00,0.000349162,0,0.013710187,0.09246929,0.463558324,1
11:50:00,0.755770513,1,0.885667864,0.186952307,0.3423292,0
08:13:00,0.611537865,0.850785773,0.738031338,0.040555457,0.825113617,0
23:10:00,0.000247415,0,0.010276194,0.135414392,0.5053466,1
18:04:00,0.282321195,0.352289924,0.29656234,0.231285977,0.133236081,1
10:00:00,0.694134078,0.964681555,0.828610333,0.116930746,0.532233631,0
18:08:00,0.268759914,0.333731581,0.281340859,0.230051629,0.143933868,1
04:38:00,0.000152255,0,0.01681075,0.041143967,0.721852938,1
15:22:00,0.685610502,0.93046595,0.766204891,0.261630368,0.048626307,0
13:20:00,0.828988206,1,0.823903777,0.464091152,0.068675307,0
02:37:00,0.00030451,0,0.011234595,0.082436404,0.525164114,1
01:09:00,0.000186794,0,0.010689242,0.103428085,0.442013129,1
13:51:00,0.762375854,1,0.861822631,0.263485847,0.060595859,0
06:17:00,0.000310366,0,0.017262304,0.031369058,0.678673624,1
09:07:00,0.656579764,0.914061208,0.789981055,0.07655332,0.708971554,0
03:50:00,0.000266446,0,0.014719692,0.05125747,0.602452417,1
10:04:00,0.695286457,0.967264038,0.831452027,0.113920044,0.522246535,0
13:13:00,0.997361887,1,0.90293839,0.771835499,0.251472816,0
14:10:00,0.746973929,1,0.842463591,0.265088125,0.05150648,0
00:30:00,0.000228383,0,0.011626669,0.117755063,0.403286404,1
08:59:00,0.647773122,0.90306038,0.780923156,0.070998754,0.696852382,0
08:11:00,0.610373991,0.851364764,0.739274579,0.032116788,0.824103686,0
03:05:00,0.000174581,0,0.013754588,0.078422646,0.542332941,1
17:52:00,0.333566108,0.423159636,0.352804199,0.235499377,0.131291028,1
11:54:00,0.759698945,1,0.887753088,0.19448104,0.36761488,0
00:34:00,0.000152255,0,0.011626669,0.115816205,0.401800091,1
05:32:00,0.000232775,0,0.018461144,0.02821791,0.675643831,1
03:53:00,0.000465549,0,0.014953428,0.053587324,0.612018179,1
14:58:00,0.675007759,0.915467328,0.754548684,0.258999466,0.067665376,0
03:36:00,0.00030451,0,0.014719692,0.05827928,0.62474712,1
01:19:00,0.000659528,0,0.012156135,0.101388642,0.460528531,1
23:14:00,7.76E-05,0,0.009136835,0.133167171,0.498400943,1
03:26:00,0.000285478,0,0.014981074,0.064829477,0.579662277,1
14:09:00,0.748821758,1,0.843595006,0.265641999,0.039873572,0
07:21:00,0.475558659,0.643507031,0.553498836,0.034894072,0.682713348,0
00:39:00,0.000155183,0,0.011490113,0.114260281,0.40346743,1
04:09:00,0.000342574,0,0.015155329,0.051047863,0.585112093,1
09:52:00,0.690099317,0.959057072,0.824880609,0.110307994,0.565561353,0
00:57:00,0.000135785,0,0.01046888,0.107637529,0.414576671,1
01:25:00,0.000543141,0,0.012466946,0.098184084,0.486281771,1
14:54:00,0.696423029,0.946071133,0.780834353,0.255474453,0.069685238,0
03:39:00,0.000155183,0,0.014997829,0.057005519,0.591314594,1
03:18:00,0.000152255,0,0.013499908,0.075362192,0.527641303,1
17:08:00,0.48630509,0.635318445,0.515668785,0.250026705,0.132300959,0
07:24:00,0.514354438,0.70082713,0.602162845,0.041196368,0.656455142,0
04:57:00,0.000152255,0,0.017246387,0.034122156,0.681227034,1
22:47:00,0.000152255,0,0.006965352,0.145737502,0.4686842,1
21:44:00,0.00422874,0,0.010024865,0.160993413,0.54132301,1
08:07:00,0.61616031,0.857666268,0.746023602,0.038007636,0.804279115,0
10:49:00,0.717799503,0.994375517,0.847081343,0.160833185,0.479717219,0
19:44:00,0.004771881,0,0.009358843,0.185988962,0.442854738,1
01:10:00,0.000329764,0,0.01140131,0.102830693,0.432250463,1
07:29:00,0.581315953,0.803722084,0.695228322,0.045896386,0.649385625,0
09:26:00,0.674270639,0.941356493,0.813957848,0.076232865,0.632216799,0
06:20:00,0.000252173,0,0.017528713,0.03200997,0.696852382,1
13:33:00,0.78088144,1,0.87176856,0.287092754,0.052516411,0
13:19:00,0.835156735,1,0.818042783,0.481395763,0.078774617,0
08:34:00,0.627367979,0.875268817,0.758337609,0.048602457,0.793581327,0
08:05:00,0.621896338,0.8681555,0.753483049,0.040235001,0.774617068,0
00:22:00,0.000193979,0,0.010246872,0.117998932,0.427705773,1
12:16:00,0.774596524,1,0.903293602,0.205162898,0.251472816,0
19:51:00,0.004480912,0,0.008026799,0.184279865,0.497391012,1
23:19:00,0.005880855,0,0.015721657,0.133056322,0.495933281,1
04:07:00,0.000174581,0,0.015219837,0.05390778,0.591819559,1
17:25:00,0.420429857,0.544582299,0.44507045,0.243831227,0.114122202,0
12:42:00,0.96838144,1,1,0.468897988,0.075744824,0
11:13:00,0.725869025,1,0.854807199,0.171301406,0.381753913,0
02:56:00,0.000349162,0,0.013177369,0.080024924,0.540313079,1
13:07:00,0.997711049,1,0.897255003,0.904824639,0.315098468,0
04:46:00,0.000387958,0,0.016152267,0.040715685,0.729675139,1
19:38:00,0.000155183,0,0.004163871,0.204735624,0.365595018,1
21:25:00,0.00422874,0,0.009625252,0.162488873,0.501935701,1
00:05:00,0.000135785,0,0.009225638,0.121523945,0.41356674,1
06:48:00,0.040795917,0.036877738,0.056524714,0.030704409,0.644784829,1
21:34:00,0.004267536,0,0.009136835,0.162275236,0.575155698,1
20:03:00,0.004092955,0,0.008160003,0.181449172,0.54132301,1
12:03:00,0.76222067,1,0.889795556,0.197151504,0.353475846,0
12:19:00,0.783229303,1,0.916965965,0.207421914,0.260637005,0
09:45:00,0.682689323,0.949627792,0.81795398,0.099412498,0.630196937,0
18:17:00,0.196246293,0.22962963,0.20147084,0.227994382,0.15852176,1
13:49:00,0.761638734,1,0.861911434,0.263272209,0.056556135,0
12:04:00,0.762270961,1,0.889430477,0.19806144,0.353999514,0
09:40:00,0.681021105,0.948800662,0.818486798,0.096314759,0.607978455,0
10:01:00,0.693009001,0.962282878,0.826567865,0.11810575,0.526174045,0
16:55:00,0.530234844,0.699960175,0.569351804,0.254430004,0.105032823,0
04:28:00,0.000252173,0,0.018105932,0.046270251,0.692812658,1
22:15:00,0.004054159,0,0.012200537,0.155118391,0.486786736,1
03:02:00,0.000232775,0,0.014642618,0.079864696,0.566066319,1
02:05:00,0.000135785,0,0.012822157,0.093377248,0.471637771,1
11:03:00,0.723812849,1,0.85152149,0.166067296,0.446389497,0
10:15:00,0.698518001,0.968899917,0.829320756,0.129962613,0.524154183,0
01:30:00,0.000155183,0,0.011046099,0.097436354,0.487291702,1
23:55:00,0.003821384,0,0.015752654,0.12339327,0.412556809,1
12:32:00,0.832247052,1,0.97309271,0.227381164,0.19390675,0
10:59:00,0.721562694,0.997105045,0.846992541,0.162115008,0.464568255,0
04:08:00,0.000171287,0,0.014589001,0.05361554,0.58114859,1
03:47:00,0.000247415,0,0.01528602,0.051100265,0.586598406,1
15:04:00,0.662896292,0.896614894,0.738241833,0.256281526,0.06807683,0
11:39:00,0.749107697,1,0.885799424,0.181662809,0.395892947,0
13:37:00,0.773432651,1,0.872922998,0.26626313,0.01009931,0
19:52:00,0.004364525,0,0.008559616,0.184333274,0.511530045,1
19:35:00,0,0,0.004519083,0.206978814,0.376704259,1
15:29:00,0.695065177,0.944251447,0.778347871,0.25942674,0.067665376,0
00:53:00,0.00036856,0,0.010602084,0.108759124,0.427705773,1
01:52:00,0.000213377,0,0.010912894,0.090332918,0.465578185,1
08:15:00,0.612430168,0.853846154,0.740784229,0.038205448,0.79683555,0
00:06:00,0.000135785,0,0.008692821,0.120776215,0.426695842,1
01:43:00,0.000155183,0,0.012777756,0.09471248,0.471637771,1
09:38:00,0.681370267,0.949379653,0.818397995,0.092362471,0.630196937,0
11:09:00,0.724860335,1,0.850544658,0.173437778,0.537283286,0
11:40:00,0.740262259,1,0.865019537,0.182730995,0.440329911,0
08:03:00,0.625873623,0.874631621,0.759192748,0.040476332,0.814976903,0
21:28:00,0.004151148,0,0.009669653,0.159925227,0.492341357,1
18:46:00,0.041395096,0.025641026,0.042704345,0.219156133,0.350446053,1
22:56:00,7.61E-05,0,0.008185136,0.137720061,0.482556459,1
01:38:00,0.000290968,0,0.010335675,0.094979526,0.461538462,1
13:59:00,0.759000621,1,0.854718396,0.268826776,0.09190372,0
10:07:00,0.696927374,0.969230769,0.834560129,0.113512551,0.535263424,0
00:51:00,0.000407356,0,0.011578916,0.108705715,0.397912809,1
19:54:00,0.004358303,0,0.010406885,0.184095451,0.513273606,1
01:59:00,0.000252173,0,0.01077969,0.090706783,0.483756943,1
04:17:00,0.00027157,0,0.016152267,0.047765711,0.65443528,1
19:18:00,0.000186794,0,0.003420558,0.209376298,0.336494043,1
07:11:00,0.295003104,0.387014061,0.340727,0.029446324,0.655445211,1
03:43:00,0.000252173,0,0.014820223,0.055937333,0.584750042,1
23:51:00,0.003976567,0,0.013621384,0.12339327,0.40902205,1
17:43:00,0.374961204,0.481224152,0.398448909,0.240947125,0.129271166,1
15:59:00,0.700302607,0.948800662,0.780479141,0.277265444,0.100993099,0
02:46:00,0.000280192,0,0.013083633,0.080695508,0.536348164,1
20:21:00,0.004054159,0,0.009758456,0.17781734,0.526174045,1
06:11:00,0.000456765,0,0.016941441,0.031816487,0.682713348,1
22:03:00,0.004209342,0,0.010824091,0.154210433,0.510520114,1
05:04:00,0.000290968,0,0.018194735,0.031903151,0.708971554,1
21:23:00,0.004015363,0,0.01046888,0.16425138,0.516074735,1
22:00:00,0.004377335,0,0.011539541,0.152811714,0.519714298,1
08:35:00,0.628064867,0.874772539,0.759255239,0.050382767,0.771587275,0
14:52:00,0.70045779,0.951695616,0.786340135,0.25643582,0.028278068,0
03:14:00,0.000285478,0,0.012541507,0.078244279,0.539531811,1
04:13:00,7.61E-05,0,0.014806819,0.048060974,0.629701499,1
18:27:00,0.156463377,0.17229115,0.158769783,0.224069788,0.2151153,1
16:41:00,0.573246431,0.763523573,0.621699491,0.255901727,0.103012961,0
15:43:00,0.709419615,0.964681555,0.792023523,0.270215417,0.092913651,0
17:33:00,0.417520174,0.540115798,0.443294392,0.242442585,0.085844134,0
04:11:00,0.000349162,0,0.015397442,0.049047534,0.612018179,1
22:30:00,0.004263144,0,0.011495978,0.150506045,0.486519962,1
14:22:00,0.727452468,0.992592593,0.817940824,0.263790477,0.079747143,0
20:00:00,0.004480912,0,0.009492047,0.182303721,0.532233631,1
13:15:00,0.996198014,1,0.913594743,0.655510059,0.18380744,0
11:29:00,0.739757914,1,0.870791728,0.172476411,0.376704259,0
08:46:00,0.636716325,0.887096774,0.767158701,0.066191917,0.720080794,0
12:01:00,0.757875543,1,0.885533015,0.19373331,0.354485777,0
04:27:00,0.000465549,0,0.017040297,0.046003205,0.694327554,1
18:47:00,0.035924891,0.0127378,0.034889687,0.218087947,0.362565225,1
10:42:00,0.712872439,0.986600496,0.841486758,0.151112694,0.486786736,0
08:19:00,0.617318436,0.860545906,0.747799661,0.039059996,0.770577344,0
13:56:00,0.753267467,1,0.847015564,0.263379028,0.052516411,0
22:50:00,0.000252173,0,0.007849193,0.143261528,0.436290187,1
21:58:00,0.00422508,0,0.010886086,0.152497304,0.482061021,1
08:08:00,0.613826816,0.855831266,0.741317046,0.037778173,0.792795826,0
22:42:00,0.004148952,0,0.011800924,0.14835758,0.457289129,1
09:06:00,0.656075419,0.914061208,0.790513873,0.076873776,0.660494866,0
08:29:00,0.624939651,0.869135802,0.753121259,0.049425356,0.78288354,0
21:46:00,0.004187016,0,0.009622738,0.160409942,0.521696049,1
15:13:00,0.672348093,0.910473915,0.748845562,0.264099064,0.041818624,0
22:49:00,7.76E-05,0,0.00838201,0.143314937,0.455478876,1
20:10:00,0.004248138,0,0.008826025,0.178992345,0.551422319,1
08:02:00,0.630509001,0.880976013,0.765205036,0.040341819,0.817034169,0
06:21:00,0.00027157,0,0.017972728,0.032917928,0.69028783,1
11:05:00,0.725054314,1,0.851876702,0.16873776,0.462548393,0
00:44:00,0.000407356,0,0.011534515,0.111429589,0.406497223,1
06:28:00,0.000418702,0,0.018074097,0.029406015,0.657446018,1
20:27:00,0.004364525,0,0.010380077,0.176054834,0.536273355,1
14:44:00,0.699875854,0.949875931,0.783676047,0.256329001,0.073724962,0
03:17:00,0.000133223,0,0.013412781,0.077248649,0.51921886,1
05:22:00,0.00030451,0,0.017899842,0.034541369,0.683704224,1
07:58:00,0.657510863,0.923490488,0.805876781,0.033398611,0.839252651,0
22:43:00,0.003840782,0,0.011534515,0.148175182,0.463558324,1
07:03:00,0.183930788,0.228205128,0.209121048,0.029766779,0.649385625,1
21:37:00,0.004206048,0,0.009361356,0.1623488,0.583130341,1
12:57:00,0.998642148,1,0.903737617,0.988249955,0.376704259,0
16:56:00,0.527506207,0.695947064,0.565487232,0.253231262,0.105032823,0
22:33:00,0.00422508,0,0.011583105,0.148147974,0.47314314,1
20:32:00,0.004189944,0,0.009314441,0.175146876,0.540313079,1
21:51:00,0.004110889,0,0.009709866,0.1556938,0.504355724,1
06:30:00,0.000465549,0,0.018061531,0.029339505,0.686248106,1
02:22:00,0.000135785,0,0.012156135,0.0856329,0.5165797,1
01:01:00,0.000112077,0,0.010903027,0.103685241,0.424507659,1
18:07:00,0.274324953,0.341191067,0.288599676,0.230158448,0.131291028,1
11:01:00,0.722371658,0.99992035,0.849666496,0.162779657,0.45805981,0
05:47:00,0.00036856,0,0.017217903,0.032704291,0.649385625,1
09:27:00,0.675000575,0.942970928,0.815375406,0.079358297,0.630196937,0
23:18:00,0.006223429,0,0.014806819,0.133632739,0.495933281,1
05:43:00,9.70E-05,0,0.018416742,0.032223607,0.675643831,1
02:59:00,0.000190319,0,0.015547402,0.080445145,0.59254366,1
02:16:00,0.000437734,0,0.011670232,0.086104514,0.499896784,1
18:19:00,0.191961515,0.222580645,0.196422228,0.22770162,0.195926612,1
13:10:00,0.997827436,1,0.896633382,0.881431369,0.301969365,0
06:00:00,0.000213377,0,0.017395509,0.035374755,0.645345901,1
12:59:00,0.998304481,1,0.895501967,0.996581805,0.393873085,0
10:33:00,0.708837678,0.981555004,0.83882267,0.14384903,0.501935701,0
08:39:00,0.632254811,0.880231596,0.760232072,0.061598718,0.762497896,0
17:02:00,0.50744879,0.665012407,0.540356001,0.251949439,0.105032823,0
10:29:00,0.705074488,0.976674938,0.834915341,0.139683105,0.509005218,0
22:17:00,0.004091857,0,0.01328209,0.155222186,0.446389497,1
13:32:00,0.782937616,1,0.872123772,0.293608688,0.02019862,0
13:35:00,0.776575109,1,0.872922998,0.277799537,0.044436963,0
14:04:00,0.753957169,1,0.85089987,0.263379028,0.053526342,0
15:27:00,0.693435754,0.94292804,0.777903856,0.25867901,0.078774617,0
22:52:00,0.000171287,0,0.008141572,0.140759353,0.49395153,1
07:54:00,0.665586132,0.937076862,0.820078673,0.028852887,0.836372478,0
07:07:00,0.230136561,0.293961952,0.264001263,0.027523589,0.630196937,1
06:38:00,0.005256828,0,0.022546079,0.029766779,0.662514728,1
20:37:00,0.004248138,0,0.009980463,0.174185508,0.544352803,1
12:07:00,0.765789882,1,0.898320638,0.194801495,0.323177916,0
06:42:00,0.01544072,0.007526882,0.032536409,0.029286096,0.668574314,1
22:41:00,0.004092955,0,0.011268106,0.149189959,0.471132806,1
01:42:00,0.000290968,0,0.01140131,0.095246573,0.470122875,1
04:58:00,0.000290968,0,0.018683151,0.032811109,0.681703417,1
13:54:00,0.758379888,1,0.854984805,0.264554032,0.043427032,0
18:14:00,0.216131285,0.25789909,0.224927971,0.229410717,0.159569096,1
10:38:00,0.709148045,0.982299421,0.838556262,0.149937689,0.492846322,0
01:32:00,0.000387958,0,0.010602084,0.098184084,0.485776805,1
21:18:00,0.004301208,0,0.011234595,0.161667579,0.485529086,1
11:49:00,0.751939789,1,0.880737656,0.18614919,0.331257364,0
19:24:00,0.000116387,0,0.002476615,0.208581093,0.344386467,1
08:16:00,0.612685932,0.853604142,0.739353515,0.038419085,0.834427425,0
06:59:00,0.136367163,0.160297767,0.153796819,0.027416771,0.648375694,1
16:54:00,0.532976412,0.706038048,0.574989146,0.255474453,0.106042754,0
09:44:00,0.682223774,0.950620347,0.820795674,0.096421577,0.620097627,0
05:10:00,0.00039967,0,0.017028568,0.031816487,0.711448743,1
10:34:00,0.709846369,0.983209264,0.839799503,0.145558127,0.525164114,0
03:44:00,0.00027157,0,0.014820223,0.054762329,0.583235146,1
11:24:00,0.736605398,1,0.864118351,0.175020276,0.416241186,0
20:24:00,0.004510558,0,0.00788019,0.177021239,0.527641303,1
05:12:00,0.000290968,0,0.016551881,0.031155421,0.714526174,1
11:17:00,0.730873681,1,0.858803331,0.171408225,0.431240532,0
10:08:00,0.696631377,0.969573875,0.833931931,0.113405733,0.534889375,0
18:18:00,0.180012415,0.206865178,0.18407862,0.227487983,0.192896819,1
16:40:00,0.57619491,0.769313482,0.626672455,0.256542638,0.078774617,0
17:54:00,0.320685909,0.406534326,0.338862138,0.235178921,0.136340683,1
21:50:00,0.004636096,0,0.009492047,0.156133167,0.516074735,1
21:17:00,0.004306331,0,0.011134902,0.161687734,0.489311564,1
02:30:00,0.000252173,0,0.011889726,0.082695389,0.523649217,1
11:45:00,0.74825419,1,0.881092868,0.182517358,0.306009089,0
16:21:00,0.633767846,0.853846154,0.697626001,0.269147232,0.127251304,0
11:48:00,0.747711049,1,0.873100604,0.18614919,0.331257364,0
16:00:00,0.696578212,0.944830438,0.777548644,0.277265444,0.103012961,0
22:35:00,0.003939602,0,0.011060341,0.149091202,0.518227984,1
16:30:00,0.610761949,0.819520265,0.670541106,0.264447214,0.080794479,0
13:57:00,0.759854128,1,0.856316849,0.264874488,0.0717051,0
23:32:00,0.004034761,0,0.013020707,0.130960259,0.44341687,1
18:15:00,0.206277157,0.243176179,0.21249556,0.22844935,0.155529372,1
20:52:00,0.004442117,0,0.010246872,0.171247997,0.532233631,1
19:27:00,0.000112077,0,0.003848127,0.208039088,0.328713834,1
12:18:00,0.779756363,1,0.913328334,0.203881075,0.263591988,0
13:38:00,0.771087661,1,0.870959466,0.263790477,0.026258206,0
14:30:00,0.710544693,0.966832093,0.797262896,0.262417661,0.045446894,0
22:16:00,0.004263144,0,0.012236561,0.155064981,0.480574708,1
09:22:00,0.666818976,0.930067702,0.805113734,0.074318042,0.607828835,0
04:51:00,0.000285478,0,0.01763846,0.037318652,0.689649478,1
06:07:00,0.000155183,0,0.017040297,0.029873598,0.665544521,1
14:19:00,0.731843575,0.997187758,0.824436595,0.263379028,0.074734893,0
09:54:00,0.691340782,0.961373036,0.826745471,0.113085277,0.603938731,0
13:17:00,0.962212911,1,0.911641078,0.570589283,0.131291028,0
13:30:00,0.787264064,1,0.866769283,0.313472989,0,0
21:27:00,0.004358303,0,0.010755395,0.159833524,0.479583832,1
03:32:00,0.000418702,0,0.015242456,0.059170107,0.630692374,1
06:24:00,0.000247415,0,0.017682024,0.032654912,0.695099294,1
06:22:00,0.000407356,0,0.017617516,0.032864518,0.683218313,1
07:12:00,0.308465239,0.406865178,0.356267514,0.030087235,0.656455142,1
00:26:00,0.000116387,0,0.010868493,0.11735802,0.395892947,1
03:37:00,0.000252173,0,0.014465012,0.058768026,0.604443696,1
09:57:00,0.693940099,0.965343259,0.829498362,0.117464839,0.549402457,0
20:07:00,0.004221556,0,0.008765179,0.180780567,0.537806954,1
07:51:00,0.670701428,0.947477254,0.831096815,0.026241766,0.901868372,0
03:41:00,0.000310366,0,0.015397442,0.057539612,0.590304663,1
20:02:00,0.004464388,0,0.008380366,0.181654897,0.54364211,1
11:21:00,0.735024829,1,0.863776296,0.171515044,0.427200808,0
12:21:00,0.787903476,1,0.921409401,0.209435642,0.282780677,0
12:24:00,0.796715865,1,0.930135112,0.212462168,0.289812789,0
04:01:00,0.000407356,0,0.014376209,0.054068008,0.582225215,1
02:14:00,0.000135785,0,0.011268106,0.086647677,0.469617909,1
05:14:00,0.000135785,0,0.016951494,0.031796333,0.709476519,1
14:38:00,0.697640067,0.948068499,0.783906277,0.255767215,0.043763676,0
15:44:00,0.709458411,0.960463193,0.791135494,0.271924515,0.068675307,0
19:45:00,0.004800618,0,0.009620318,0.186026546,0.475565281,1
08:36:00,0.627909683,0.874110835,0.756413545,0.05390778,0.77663693,0
17:09:00,0.483424144,0.632417364,0.515478023,0.249904061,0.127400924,0
00:20:00,0.000247415,0,0.009361356,0.117178646,0.407745345,1
06:12:00,0.000116387,0,0.018194735,0.032811109,0.681198451,1
06:52:00,0.068628296,0.071764237,0.084402258,0.027104227,0.656455142,1
06:41:00,0.012332666,0.001623047,0.030751135,0.029615621,0.67082284,1
02:00:00,0.000290968,0,0.011712121,0.090599964,0.476182461,1
23:11:00,0.000135785,0,0.010158069,0.134448994,0.484766874,1
03:35:00,0.000543141,0,0.017706319,0.057112338,0.61858273,1
17:21:00,0.454376164,0.591563275,0.48165726,0.246181236,0.107052685,0
04:54:00,0.000135785,0,0.0171291,0.037991811,0.681703417,1
04:33:00,0.000329764,0,0.016729487,0.041410005,0.701902037,1
08:22:00,0.621081626,0.866418528,0.752151004,0.037991811,0.814004376,0
07:22:00,0.486809435,0.659801489,0.567085685,0.037564536,0.6746339,0
08:18:00,0.615456238,0.858312655,0.744513952,0.041516824,0.803905066,0
19:49:00,0.004557786,0,0.009620318,0.184689336,0.459032336,1
11:30:00,0.741193358,1,0.870436516,0.17407869,0.396902878,0
03:00:00,0.000247415,0,0.013979109,0.080654751,0.587093844,1
20:22:00,0.004189944,0,0.009225638,0.178030977,0.535263424,1
01:03:00,7.76E-05,0,0.010513281,0.103311376,0.436290187,1
12:45:00,1,1,0.996270277,0.692042015,0.187847164,0
10:58:00,0.721329919,0.99611249,0.84788057,0.160833185,0.469617909,0
07:52:00,0.667946927,0.941191067,0.824436595,0.028591775,0.877630029,0
08:28:00,0.624146493,0.868817204,0.753305443,0.049207762,0.761487965,0
17:24:00,0.447819677,0.581803143,0.473842602,0.244151682,0.107052685,0
12:51:00,0.999224084,1,0.931000118,0.885810931,0.309038882,0
21:43:00,0.004112353,0,0.009980463,0.160993413,0.55243225,1
06:47:00,0.036863044,0.033365917,0.053780493,0.029582275,0.6707778,1
00:27:00,0.000290968,0,0.012022931,0.116717109,0.384783706,1
08:45:00,0.635824022,0.885773366,0.766181868,0.064055546,0.732199966,0
16:02:00,0.690541876,0.936200717,0.77030956,0.276133958,0.054461464,0
14:29:00,0.712950031,0.971546733,0.801347831,0.260708563,0.052516411,0
10:25:00,0.700729361,0.972373863,0.832340056,0.13327399,0.524154183,0
06:05:00,0.000418702,0,0.017594896,0.032445306,0.65695058,1
00:13:00,0.000174581,0,0.009358843,0.118479615,0.417101498,1
17:32:00,0.416317505,0.537799835,0.441784742,0.242335766,0.107052685,0
11:00:00,0.721911856,1,0.849923037,0.162649101,0.468607978,0
00:11:00,0.000380638,0,0.010494012,0.119589118,0.418644977,1
23:48:00,0.003549814,0,0.013665785,0.126277372,0.451439152,1
15:37:00,0.704996896,0.957154673,0.790691479,0.263699484,0.037367447,0
02:27:00,0.000193979,0,0.012200537,0.085045398,0.507995287,1
01:28:00,0.000193979,0,0.011490113,0.098184084,0.504460529,1
17:26:00,0.421146861,0.546475508,0.446724816,0.243732321,0.114758084,0
01:55:00,0.000193979,0,0.013532581,0.090706783,0.458508669,1
02:50:00,0.000252173,0,0.013665785,0.081039701,0.543847837,1
20:34:00,0.0042721,0,0.010352217,0.174342594,0.535461449,1
14:32:00,0.706044382,0.96038048,0.79406599,0.255153997,0.04039724,0
02:11:00,0.000280192,0,0.012356764,0.085941487,0.500364697,1
05:44:00,0.000171287,0,0.016636495,0.032864518,0.665373023,1
16:14:00,0.654252017,0.88337469,0.722046809,0.270108599,0.077764686,0
17:49:00,0.344545313,0.441108354,0.366923866,0.235926651,0.128261235,1
21:00:00,0.004072825,0,0.011670232,0.168636988,0.557863011,1
06:13:00,0.000232775,0,0.017217903,0.033612249,0.680693486,1
13:23:00,0.814362197,1,0.844062044,0.403525013,0.036357516,0
18:52:00,0.014345817,0,0.023259791,0.213490792,0.275224897,1
11:58:00,0.75772036,1,0.886154636,0.193412854,0.345396398,0
14:12:00,0.74402545,1,0.839977109,0.262097205,0.052516411,0
09:48:00,0.686297331,0.955252275,0.822305324,0.104326153,0.606968524,0
04:19:00,0.000155183,0,0.016640684,0.047391846,0.655950177,1
02:08:00,0.000290968,0,0.013354975,0.087822681,0.465578185,1
02:51:00,0.000149436,0,0.013169147,0.081364113,0.529540481,1
05:57:00,0.00030451,0,0.017246387,0.035379794,0.646050948,1
19:33:00,0.000193979,0,0.002210206,0.207085633,0.362565225,1
10:03:00,0.695181564,0.966832093,0.832073647,0.11511483,0.516074735,0
22:57:00,0.000190319,0,0.008402955,0.139134904,0.492960654,1
09:01:00,0.647656735,0.90248139,0.780567944,0.069610112,0.710991416,0
21:29:00,0.004072825,0,0.009884121,0.15936191,0.479583832,1
17:28:00,0.436646493,0.566914806,0.463630264,0.243403952,0.104022892,0
02:09:00,0.000329764,0,0.012244938,0.087395407,0.470122875,1
01:33:00,0.000446151,0,0.01077969,0.097169307,0.473152668,1
12:41:00,0.896426765,1,1,0.366961407,0.043763676,0
01:08:00,0.000349162,0,0.010690887,0.103578423,0.447904393,1
19:43:00,0.005004655,0,0.00989166,0.186309418,0.440329911,1
14:03:00,0.75450031,1,0.850988673,0.263165391,0.044436963,0
07:13:00,0.314323402,0.413978495,0.362306114,0.030300872,0.656455142,1
01:22:00,0.000174581,0,0.011312507,0.101281823,0.481737081,1
19:42:00,0.004849472,0,0.010824091,0.187484422,0.442349773,1
16:17:00,0.645600559,0.870140612,0.712456092,0.268719957,0.065645514,0
15:38:00,0.705346058,0.959057072,0.791490705,0.263272209,0.017168827,0
20:05:00,0.004170546,0,0.009403244,0.181662809,0.564046457,1
21:45:00,0.004320239,0,0.010014812,0.160200335,0.540027249,1
15:20:00,0.68125388,0.923325062,0.76049848,0.261776749,0.023228413,0
18:22:00,0.187073246,0.217783292,0.192603702,0.225885704,0.217135162,1
17:35:00,0.412218084,0.533253684,0.438429964,0.242909422,0.122538293,0
05:23:00,0.000135785,0,0.017839523,0.033238383,0.684228244,1
10:51:00,0.718071074,0.995450786,0.847436555,0.160833185,0.446389497,0
20:13:00,0.004364525,0,0.01046888,0.178404842,0.549402457,1
04:21:00,0.000228383,0,0.014763255,0.048899399,0.667850213,1
00:04:00,0.000349162,0,0.010291274,0.122164857,0.420131291,1
05:24:00,0.00030451,0,0.017769151,0.031397274,0.681227034,1
02:28:00,0.000290968,0,0.012067332,0.084671533,0.524154183,1
22:06:00,0.004209342,0,0.011490113,0.154530888,0.524154183,1
01:37:00,0.000213377,0,0.011001697,0.094872708,0.470122875,1
19:12:00,7.76E-05,0,0.002121403,0.210076553,0.315098468,1
13:46:00,0.764354438,1,0.866973201,0.263806302,0.073724962,0
21:12:00,0.00450031,0,0.011001697,0.162488873,0.4595186,1
03:46:00,0.000349162,0,0.014509413,0.052839594,0.574145767,1
12:31:00,0.82693203,1,0.96794214,0.225992523,0.221174886,0
14:57:00,0.680322781,0.922001654,0.760054466,0.260067652,0.078774617,0
15:35:00,0.702785537,0.955004136,0.785984923,0.263058572,0.053526342,0
11:38:00,0.745616077,1,0.868926866,0.182517358,0.391853223,0
12:58:00,0.998099007,1,0.900984726,1,0.393873085,0
03:03:00,0.000116387,0,0.013976595,0.080398789,0.57717556,1
08:54:00,0.644165115,0.897022333,0.775239768,0.070357842,0.710991416,0
14:49:00,0.702281192,0.956575682,0.789537041,0.256863094,0.078774617,0
16:12:00,0.658985102,0.889826303,0.72932865,0.268933594,0.06160579,0
01:24:00,0.000213377,0,0.011712121,0.099198861,0.483251978,1
22:18:00,0.004054159,0,0.012644551,0.155011572,0.480222185,1
07:33:00,0.586863749,0.811993383,0.702066148,0.052198683,0.630196937,0
00:38:00,0.000317551,0,0.01128784,0.11242854,0.403112084,1
23:16:00,0.003569212,0,0.012999763,0.132953534,0.513044942,1
04:10:00,0.000523743,0,0.014642618,0.049421399,0.59838411,1
10:35:00,0.709893786,0.982317802,0.839148281,0.148584654,0.531971797,0
03:27:00,0.000266446,0,0.01445831,0.064777075,0.588580158,1
11:23:00,0.735373991,1,0.864131507,0.174185508,0.443359704,0
17:00:00,0.515328643,0.677100757,0.551308363,0.25247562,0.10308777,0
16:48:00,0.550124146,0.728370554,0.593371354,0.258038099,0.105032823,0
18:26:00,0.161988183,0.180485862,0.163588165,0.224291338,0.216873328,1
21:41:00,0.004112353,0,0.009714055,0.162382054,0.565561353,1
11:07:00,0.725403476,1,0.853386352,0.171408225,0.477697357,0
08:37:00,0.628801986,0.878246485,0.760232072,0.055723696,0.761487965,0
00:33:00,9.52E-05,0,0.012192997,0.116078213,0.384955204,1
08:27:00,0.623448169,0.869313482,0.753660654,0.047712302,0.764517758,0
16:28:00,0.616930478,0.829776675,0.676579706,0.266690404,0.111092409,0
01:54:00,0.000155183,0,0.013710187,0.090813602,0.470122875,1
15:17:00,0.6788859,0.919792911,0.755259107,0.263790477,0.064186725,0
02:57:00,0.000155183,0,0.012688953,0.080612427,0.531728665,1
05:01:00,0.000329764,0,0.018061531,0.033131565,0.683723279,1
20:59:00,0.00413175,0,0.010646485,0.169432081,0.545362734,1
21:20:00,0.004167984,0,0.010929649,0.163920847,0.510300978,1
00:31:00,0.000349162,0,0.010690887,0.117625067,0.412556809,1
04:04:00,0.000323542,0,0.016331549,0.054087155,0.579166839,1
14:46:00,0.701973699,0.95483871,0.787070292,0.259573121,0.075857039,0
10:28:00,0.704065798,0.976095947,0.833760903,0.137333096,0.509005218,0
08:23:00,0.621159218,0.866253102,0.751262975,0.040448638,0.832183134,0
09:18:00,0.66431593,0.925766627,0.799811869,0.083369929,0.635059567,0
10:21:00,0.701375957,0.974591796,0.836069779,0.125029177,0.521274009,0
02:31:00,0.00027157,0,0.011978529,0.083549938,0.532738596,1
05:05:00,0.000323542,0,0.018335479,0.032026093,0.717393997,1
02:36:00,0.000310366,0,0.012777756,0.081734022,0.522639286,1
23:09:00,0.000247415,0,0.007400989,0.135623999,0.500887659,1
08:52:00,0.642124744,0.894384707,0.771934325,0.069072063,0.698273766,0
16:19:00,0.639819988,0.861042184,0.704730236,0.269574506,0.105032823,0
06:35:00,0.002055444,0,0.019598827,0.031711684,0.660914083,1
05:52:00,0.000494829,0,0.017420641,0.034174558,0.650509888,1
11:31:00,0.744258225,1,0.875143071,0.176001424,0.378724121,0
05:15:00,0.000247415,0,0.01798697,0.032130896,0.717393997,1
02:48:00,0.000135785,0,0.012955362,0.080665836,0.532233631,1
04:16:00,0.000133223,0,0.01563453,0.048794596,0.646050948,1
14:08:00,0.749961204,1,0.845394088,0.266369948,0.047466756,0
20:44:00,0.004034761,0,0.010868493,0.173544597,0.543847837,1
13:47:00,0.764325701,1,0.865144519,0.263584753,0.071966934,0
23:39:00,0.003898976,0,0.013621384,0.126384191,0.430230601,1
09:56:00,0.691418374,0.960545906,0.824258989,0.115435286,0.569601077,0
03:42:00,0.000133223,0,0.013717727,0.056759635,0.583130341,1
18:40:00,0.080229671,0.070802316,0.078491929,0.221185686,0.274701229,1
13:53:00,0.760591248,1,0.856228046,0.267331316,0.084834203,0
16:31:00,0.608317815,0.816129032,0.667965821,0.264554032,0.079784548,0
21:31:00,0.00412992,0,0.009579175,0.159781123,0.537054622,1
03:12:00,0.000116387,0,0.012333741,0.080238562,0.535768389,1
08:44:00,0.635901614,0.884863524,0.765649051,0.060530532,0.723110587,0
12:25:00,0.798843886,1,0.933042586,0.214456115,0.281770746,0
22:29:00,0.003901538,0,0.011931615,0.149877226,0.516246233,1
00:28:00,0.000155183,0,0.010202471,0.116717109,0.404477361,1
12:23:00,0.793140906,1,0.928158424,0.210610646,0.261572126,0
02:20:00,0.000168115,0,0.011800924,0.085735762,0.504741065,1
23:30:00,0.003937772,0,0.01442061,0.13097739,0.473657633,1
23:13:00,0.000152255,0,0.009753429,0.133475534,0.476611205,1
07:44:00,0.651651263,0.926005575,0.820335215,0.005297411,0.955993192,0
07:47:00,0.665657976,0.94292804,0.830386391,0.013530354,0.949335129,0
03:20:00,9.70E-05,0,0.013754588,0.073722628,0.530718734,1
14:50:00,0.70193203,0.95483871,0.788382603,0.257504006,0.074734893,0
03:04:00,0.000298871,0,0.012741577,0.078638261,0.533430586,1
03:09:00,0.000252173,0,0.013088566,0.081520385,0.570106043,1
12:20:00,0.785342955,1,0.91714686,0.209008367,0.251472816,0
08:49:00,0.640207945,0.892142266,0.771776453,0.062346448,0.708971554,0
09:34:00,0.675395717,0.940942928,0.811648972,0.089051095,0.640296246,0
22:51:00,0.000361606,0,0.00753168,0.141492974,0.437471616,1
05:59:00,0.000135785,0,0.017217903,0.035962257,0.644840936,1
04:55:00,0.000174581,0,0.017839523,0.03724408,0.687258037,1
22:28:00,0.004189944,0,0.01442061,0.150204736,0.494866184,1
20:57:00,0.004034761,0,0.010513281,0.170393448,0.558491836,1
14:17:00,0.735218808,1,0.8276335,0.262097205,0.062615721,0
12:49:00,0.999379268,1,0.942011683,0.880470002,0.301969365,0
05:06:00,0.000133223,0,0.017464205,0.031397274,0.722348375,1
02:42:00,0.000242833,0,0.014793911,0.079718315,0.527595429,1
20:55:00,0.004301208,0,0.011365287,0.170733051,0.557367574,1
10:22:00,0.703018312,0.97617866,0.836957809,0.127826242,0.533243562,0
17:57:00,0.30652545,0.387096774,0.323765639,0.234751647,0.134320821,1
23:26:00,0.004092955,0,0.013976595,0.130817162,0.46507322,1
14:40:00,0.697509311,0.947808106,0.782788018,0.256008545,0,0
21:16:00,0.004422719,0,0.011578916,0.161420687,0.501430736,1
17:56:00,0.313780261,0.395533499,0.330869874,0.23453801,0.131291028,1
21:08:00,0.00422874,0,0.011223704,0.165800249,0.4595186,1
06:33:00,0.000756518,0,0.018283538,0.031422468,0.657465073,1
04:18:00,0.000228383,0,0.017899842,0.047641761,0.652987077,1
13:36:00,0.775178461,1,0.873455816,0.26925405,0.039387309,0
00:58:00,0.000290968,0,0.010291274,0.107263664,0.421141222,1
16:09:00,0.668955618,0.903639371,0.742293879,0.270856329,0.083824272,0
03:59:00,0.00030451,0,0.016505804,0.054768375,0.584121217,1
10:37:00,0.70918684,0.982051282,0.838289853,0.151112694,0.493856253,0
13:43:00,0.765184955,1,0.866940311,0.262453267,0.047653781,0
06:06:00,0.000361606,0,0.017594896,0.030716054,0.658436894,1
16:34:00,0.596446307,0.79751861,0.651182066,0.264660851,0.077764686,0
15:40:00,0.707913764,0.963918757,0.796220284,0.265436275,0.058351568,0
18:05:00,0.27913563,0.348800662,0.29597032,0.231226633,0.139370476,1
02:07:00,0.000130756,0,0.012228493,0.089438807,0.476537807,1
09:13:00,0.662670701,0.923738627,0.797795714,0.078689692,0.683723279,0
10:44:00,0.714750443,0.989167662,0.843167436,0.153110597,0.520301483,0
10:23:00,0.702436375,0.97535153,0.835625765,0.131564892,0.544352803,0
20:11:00,0.004034761,0,0.009192748,0.17959765,0.565523948,1
03:30:00,0.000446151,0,0.015441844,0.0591953,0.624137351,1
19:08:00,0.000310366,0,0.000878162,0.209969735,0.379734052,1
19:36:00,7.47E-05,0,0.002907474,0.20639329,0.369559932,1
23:40:00,0.003749283,0,0.014981074,0.126191716,0.421122167,1
15:10:00,0.666278709,0.902564103,0.742382681,0.257397187,0.082814341,0
01:02:00,0.000232775,0,0.010513281,0.103738651,0.423161084,1
21:21:00,0.004403321,0,0.010069266,0.164411608,0.517589631,1
14:02:00,0.757099628,1,0.853563958,0.265194944,0.050496549,0
12:29:00,0.814750155,1,0.952046414,0.222253872,0.208045784,0
00:15:00,0.000232775,0,0.010513281,0.118052341,0.385288672,1
22:32:00,0.004248138,0,0.010912894,0.149243368,0.469112944,1
14:34:00,0.702164804,0.955169562,0.789714647,0.254513085,0.062615721,0
15:53:00,0.710230016,0.963281561,0.791944587,0.277265444,0.095307561,0
21:06:00,0.004301208,0,0.011234595,0.167484154,0.505842038,1
14:14:00,0.738660137,1,0.832563708,0.259881708,0.077802091,0
19:41:00,0.004946462,0,0.010069266,0.188926473,0.451944117,1
06:46:00,0.034877405,0.031100083,0.051895449,0.030621328,0.677663693,1
21:42:00,0.004377335,0,0.009274229,0.16203439,0.527641303,1
08:57:00,0.645833333,0.899255583,0.776749418,0.068862382,0.708971554,0
22:23:00,0.004189944,0,0.012067332,0.15367634,0.469112944,1
20:56:00,0.004325729,0,0.011179303,0.170660495,0.560511698,1
19:48:00,0.004636096,0,0.008648419,0.185668506,0.491836391,1
15:30:00,0.696967607,0.946555157,0.780314691,0.261218919,0.048626307,0
22:45:00,0.00413175,0,0.012156135,0.146359267,0.472647702,1
15:25:00,0.689362197,0.935980149,0.771243636,0.262738116,0.078774617,0
20:50:00,0.004151148,0,0.010024865,0.170927541,0.545867699,1
16:13:00,0.65735568,0.887923904,0.727463788,0.269681325,0.067665376,0
10:18:00,0.703445065,0.977750207,0.837579429,0.126010326,0.518094597,0
07:09:00,0.255547796,0.330355666,0.295082291,0.027309952,0.648375694,1
19:25:00,0.00027157,0,0.001766192,0.208367456,0.353475846,1
06:53:00,0.077436375,0.084119107,0.09456526,0.025066762,0.656455142,1
20:45:00,0.004072825,0,0.009971248,0.172619507,0.53061393,1
01:50:00,0.000349162,0,0.011223704,0.09092042,0.463053358,1
10:32:00,0.707285847,0.9808933,0.838023444,0.141819477,0.524154183,0
11:22:00,0.735800745,1,0.864753128,0.173117322,0.435280256,0
02:54:00,0.000290968,0,0.013621384,0.08189425,0.538798182,1
15:57:00,0.705346058,0.956658395,0.785718514,0.277265444,0.070695169,0
11:42:00,0.74852576,1,0.876031101,0.183051451,0.450429221,0
09:33:00,0.675598317,0.942493031,0.814092697,0.084810001,0.630196937,0
17:46:00,0.358899752,0.458891646,0.379267474,0.23827666,0.13331089,1
17:41:00,0.383535071,0.494789082,0.407418005,0.241481218,0.127251304,1
08:48:00,0.639354438,0.891894127,0.772753286,0.059996439,0.708971554,0
21:47:00,0.004674891,0,0.010202471,0.158643404,0.505975425,1
18:10:00,0.262608628,0.324400331,0.274124798,0.229731173,0.13331089,1
15:56:00,0.707324643,0.958808933,0.789892252,0.27683817,0.097963306,0
14:00:00,0.757862611,1,0.852231914,0.268213558,0.051543885,0
06:23:00,0.000494829,0,0.018335479,0.032654912,0.694108418,1
16:01:00,0.694328057,0.940363937,0.77106603,0.277265444,0.078774617,0
22:25:00,0.00422508,0,0.013325653,0.152130493,0.440444243,1
09:03:00,0.652738982,0.908354012,0.785452106,0.075485134,0.687763003,0
22:38:00,0.004034761,0,0.01175736,0.149300809,0.484042773,1
16:44:00,0.561297331,0.745657568,0.608645459,0.25568809,0.105032823,0
10:45:00,0.716868405,0.993382961,0.845571694,0.154958163,0.530213769,0
01:06:00,0.000601335,0,0.011001697,0.10304433,0.440329911,1
22:01:00,0.003957169,0,0.010957296,0.153142247,0.533243562,1
22:09:00,0.004112353,0,0.013976595,0.155278618,0.479717219,1
16:07:00,0.671675633,0.908243728,0.746964255,0.271402291,0.116703136,0
21:14:00,0.004434431,0,0.012018742,0.161615178,0.494942405,1
04:53:00,0.000247415,0,0.016418676,0.037947471,0.692126667,1
15:07:00,0.662321539,0.896360629,0.738386549,0.255901727,0.078774617,0
03:58:00,0.000290968,0,0.015397442,0.055670287,0.590304663,1
08:30:00,0.625193979,0.870388751,0.755880728,0.049528218,0.795825619,0
12:06:00,0.76369491,1,0.892193235,0.199501513,0.31711833,0
12:14:00,0.771958411,1,0.900895923,0.203240164,0.250462885,0
21:36:00,0.004415399,0,0.009622738,0.161405571,0.568762644,1
15:58:00,0.703281261,0.955157308,0.784248332,0.277368307,0.12837345,0
13:55:00,0.760746431,1,0.857737696,0.263592665,0.052516411,0
10:53:00,0.717925949,0.993468738,0.845989396,0.159488062,0.462922441,0
06:29:00,0.000290968,0,0.018283538,0.028591775,0.682208382,1
12:46:00,0.999313171,1,0.974516846,0.754649576,0.236323851,0
09:47:00,0.686646493,0.95566584,0.821417295,0.102723874,0.624137351,0
19:11:00,3.88E-05,0,0.003808659,0.209649279,0.332267295,1
19:17:00,0.000116387,0,0.002654221,0.209435642,0.311058744,1
17:50:00,0.334287422,0.423815213,0.352744997,0.235606195,0.131291028,1
08:17:00,0.61378802,0.854259719,0.740961834,0.041196368,0.842282444,0
22:13:00,0.004072825,0,0.010929649,0.153859745,0.470170513,1
23:42:00,0.003821384,0,0.0141098,0.126651237,0.434270325,1
10:20:00,0.701738051,0.974028122,0.834826538,0.126330782,0.52112439,0
15:50:00,0.710893855,0.965425972,0.794865217,0.273206338,0.078774617,0
05:37:00,0.000247415,0,0.017725587,0.028934401,0.683208786,1
21:07:00,0.00450031,0,0.01140131,0.166975254,0.481737081,1
17:15:00,0.468769398,0.612158809,0.499773059,0.249813067,0.125231443,0
00:19:00,0.000135785,0,0.010158069,0.11661029,0.409527016,1
18:36:00,0.104826195,0.10248139,0.10513281,0.220865231,0.190876957,1
16:11:00,0.661812884,0.89390681,0.733966136,0.269139319,0.084609774,0
07:18:00,0.398820608,0.535235732,0.461410191,0.029019049,0.668574314,0
17:17:00,0.464184312,0.606212664,0.494441594,0.24722964,0.106005349,0
04:41:00,9.70E-05,0,0.018105932,0.038152038,0.706446726,1
14:59:00,0.67105059,0.910008271,0.749131705,0.257717643,0.064635583,0
20:04:00,0.004519708,0,0.008604018,0.181449172,0.553947147,1
05:27:00,0.000247415,0,0.018248352,0.032969322,0.684695099,1
13:12:00,0.997445226,1,0.899606636,0.82202441,0.262582057,0
10:24:00,0.703057107,0.975599669,0.835359356,0.135089906,0.529203838,0
01:04:00,0.000213377,0,0.011223704,0.103418195,0.449924255,1
17:18:00,0.460311918,0.598511166,0.488495086,0.246288054,0.123211581,0
21:35:00,0.004248138,0,0.009536449,0.162168417,0.586769904,1
01:45:00,0.000242833,0,0.013169147,0.09483908,0.451252127,1
15:23:00,0.687344817,0.932009926,0.76653708,0.263058572,0.090893789,0
16:36:00,0.589385475,0.788172043,0.643989028,0.259854015,0.079784548,0
03:08:00,0.000224153,0,0.012869848,0.080901232,0.576707999,1
02:03:00,0.000155183,0,0.01228934,0.09241588,0.462043427,1
10:13:00,0.700815573,0.972361609,0.832307166,0.127909323,0.506686117,0
01:00:00,0.000135785,0,0.010868493,0.104700018,0.423161084,1
14:43:00,0.698401614,0.949048801,0.783676047,0.255474453,0.072715031,0
09:08:00,0.6580928,0.916459884,0.79193472,0.078689692,0.689782865,0
10:16:00,0.703057107,0.97617866,0.836869006,0.130069432,0.544352803,0
06:02:00,0.000285478,0,0.01728995,0.035012983,0.655464267,1
05:26:00,0.000193979,0,0.018372341,0.032383835,0.670594176,1
00:55:00,0.000232775,0,0.011623318,0.109026171,0.415586602,1
02:29:00,0.000317551,0,0.012912605,0.083472791,0.534889375,1
11:04:00,0.724782744,1,0.85089987,0.166815026,0.453459014,0
00:10:00,0.00027157,0,0.011046099,0.120829624,0.438310049,1
22:55:00,0.000116387,0,0.009092434,0.139522877,0.481232116,1
12:27:00,0.806409063,1,0.938637171,0.219903863,0.252482747,0
14:55:00,0.691961515,0.940103544,0.775354883,0.257927324,0.078774617,0
01:58:00,0.00033623,0,0.012442278,0.090364568,0.47702407,1
18:24:00,0.173339541,0.196856907,0.176885582,0.2247107,0.195926612,1
02:02:00,0.000261512,0,0.012399521,0.091701778,0.469243861,1
16:53:00,0.535692117,0.708271299,0.576854008,0.255794908,0.105032823,0
18:29:00,0.145057418,0.156492969,0.144028496,0.22396297,0.210065646,1
21:53:00,0.004286934,0,0.011268106,0.155332028,0.503955563,1
15:21:00,0.683116077,0.92770885,0.763784189,0.259640377,0.028278068,0
02:55:00,0.000298871,0,0.012784334,0.080592645,0.534889375,1
18:56:00,0.003960043,0,0.016162134,0.21297648,0.275224897,1
22:31:00,0.004151148,0,0.011712121,0.149830871,0.462043427,1
20:08:00,0.003879578,0,0.010557682,0.179740075,0.560511698,1
10:54:00,0.71737275,0.992142266,0.84335162,0.159444543,0.472647702,0
17:36:00,0.408713532,0.528866832,0.43476931,0.242335766,0.121191719,0
04:48:00,0.000494829,0,0.017682024,0.039467116,0.713430494,1
02:24:00,0.000224153,0,0.011929194,0.085272882,0.523219062,1
20:28:00,0.004092955,0,0.009136835,0.176001424,0.542837906,1
05:41:00,9.70E-05,0,0.016551881,0.029339505,0.671099142,1
08:32:00,0.62674581,0.874772539,0.758011998,0.047712302,0.808954721,0
00:47:00,0.000205474,0,0.011116812,0.109805551,0.407974714,1
04:06:00,0.000310366,0,0.014953428,0.053961189,0.583235146,1
18:35:00,0.110451583,0.109015715,0.108596124,0.220437956,0.218145093,1
06:44:00,0.02415147,0.017812944,0.042600463,0.029825227,0.680236159,1
21:55:00,0.003996697,0,0.011147468,0.154907777,0.498905908,1
00:21:00,9.52E-05,0,0.011626669,0.11864589,0.401304653,1
19:53:00,0.004282176,0,0.009317792,0.183885845,0.518723422,1
09:16:00,0.662437927,0.922580645,0.795131626,0.085846537,0.649385625,0
10:46:00,0.7169072,0.993548387,0.84788057,0.155492256,0.512035011,0
13:14:00,0.997827436,1,0.909065793,0.711162542,0.197946474,0
14:01:00,0.757875543,1,0.854274381,0.2655154,0.053526342,0
23:03:00,0.000329764,0,0.008248806,0.13776037,0.466083151,1
14:15:00,0.738283675,1,0.831807238,0.25942674,0.058575997,0
00:14:00,0.000329764,0,0.009048033,0.118746662,0.428210739,1
00:41:00,0.000252173,0,0.012067332,0.114420509,0.399427706,1
03:38:00,0.000285478,0,0.013543472,0.057021643,0.597498039,1
16:20:00,0.636109962,0.856152927,0.699247477,0.269242181,0.108922927,0
04:44:00,0.000285478,0,0.018858244,0.039362313,0.735725197,1
07:56:00,0.665890751,0.936062862,0.818753207,0.035107709,0.83824272,0
02:44:00,0.00036856,0,0.013710187,0.080398789,0.518599562,1
08:24:00,0.621857542,0.867741935,0.753483049,0.045148656,0.799865343,0
18:16:00,0.200496586,0.235401158,0.206101748,0.22844935,0.169668406,1
15:33:00,0.700845748,0.953598015,0.785718514,0.263165391,0.038377378,0
06:27:00,0.000418702,0,0.017159259,0.031868889,0.672804591,1
20:19:00,0.003918374,0,0.009003631,0.178084387,0.558491836,1
14:07:00,0.749495655,1,0.846282117,0.26850632,0.084834203,0
03:54:00,0.000171287,0,0.01445831,0.053353533,0.610874861,1
06:01:00,0.000285478,0,0.017028568,0.035379794,0.644564634,1
08:41:00,0.63244879,0.881224152,0.762718554,0.0614919,0.719070863,0
20:30:00,0.004286934,0,0.008737222,0.176215061,0.538293217,1
02:53:00,0.00027157,0,0.01228934,0.081627203,0.545867699,1
20:06:00,0.004286934,0,0.010557682,0.181395763,0.553947147,1
23:15:00,0.000152255,0,0.009709866,0.132846715,0.49395153,1
13:52:00,0.761561142,1,0.859244057,0.265847724,0.084609774,0
17:20:00,0.456509932,0.594044665,0.482545289,0.246501691,0.108062616,0
03:56:00,0.000266446,0,0.014196927,0.05392995,0.61335205,1
00:09:00,0.000252173,0,0.010424478,0.121310308,0.443359704,1
05:16:00,0.000349162,0,0.01775072,0.033131565,0.719070863,1
04:32:00,0.000484947,0,0.016818289,0.045789567,0.70038714,1
17:29:00,0.435676598,0.565756824,0.463186249,0.243403952,0.09190372,0
10:14:00,0.701156114,0.973449132,0.832961677,0.129001246,0.526174045,0
04:35:00,0.000342574,0,0.017377078,0.039833927,0.716898559,1
13:21:00,0.824324091,1,0.833162305,0.4369078,0.052516411,0
16:58:00,0.520716946,0.685856079,0.556518136,0.252803988,0.111092409,0
18:21:00,0.191800584,0.223018718,0.195997948,0.227377208,0.237296377,1
17:27:00,0.43179702,0.560463193,0.457591664,0.243510771,0.106042754,0
22:37:00,0.003957169,0,0.0110905,0.149457006,0.501935701,1
09:04:00,0.65339851,0.910835401,0.78678415,0.075378316,0.693822589,0
06:36:00,0.003026071,0,0.02081861,0.032026093,0.657446018,1
01:27:00,0.00035491,0,0.012014708,0.09879928,0.504741065,1
19:15:00,3.88E-05,0,0.002476615,0.209222005,0.274701229,1
05:58:00,0.00036856,0,0.018017129,0.035481574,0.652920384,1
21:15:00,0.004072825,0,0.011191032,0.16103876,0.502373973,1
13:29:00,0.789765673,1,0.865818763,0.319565604,0,0
00:48:00,7.76E-05,0,0.011934128,0.108652306,0.395892947,1
12:35:00,0.853778709,1,0.997069503,0.234751647,0.175727992,0
09:31:00,0.675822471,0.943093466,0.815645104,0.079971515,0.630196937,0
02:12:00,0.000116387,0,0.012822157,0.08643404,0.494361219,1
16:39:00,0.578833023,0.77063689,0.628270908,0.25793128,0.084834203,0
01:14:00,0.000429627,0,0.011116812,0.102090875,0.45173839,1
14:16:00,0.737352576,1,0.831452027,0.259533559,0.052516411,0
02:40:00,0.000310366,0,0.013399376,0.079757878,0.527688941,1
09:14:00,0.663083086,0.924571884,0.79852916,0.082238443,0.670070508,0
04:36:00,0.00027157,0,0.0171291,0.040021364,0.71048645,1
08:06:00,0.619646182,0.863523573,0.750374946,0.039807727,0.811984514,0
08:14:00,0.612197393,0.851778329,0.738830564,0.041730461,0.795825619,0
20:38:00,0.00452959,0,0.009099974,0.173667539,0.545972503,1
05:17:00,0.000213377,0,0.018061531,0.033772476,0.705436795,1
01:31:00,0.000130756,0,0.012014708,0.097822088,0.498905908,1
01:07:00,0.000135785,0,0.00989166,0.103151148,0.442349773,1
09:39:00,0.681409063,0.949710505,0.818575601,0.095887484,0.630196937,0
01:15:00,0.000252173,0,0.010646485,0.102350009,0.444369635,1
15:08:00,0.662971009,0.897013142,0.737130152,0.256487251,0.076829565,0
18:42:00,0.067776226,0.057154673,0.068368394,0.219903863,0.253492678,1
22:24:00,0.003782588,0,0.011889726,0.153889977,0.468103013,1
00:43:00,0.000209351,0,0.012280124,0.113458134,0.39288221,1
03:55:00,0.000310366,0,0.01442061,0.053480506,0.62312742,1
01:39:00,0.000135785,0,0.011756522,0.095086345,0.46507322,1
17:16:00,0.468303849,0.611745244,0.498352212,0.24959943,0.109072547,0
11:14:00,0.729709808,1,0.858270513,0.168630942,0.407002188,0
15:42:00,0.709109249,0.964350703,0.79557564,0.268826776,0.075744824,0
10:50:00,0.718032278,0.992224979,0.844506058,0.161901371,0.44941929,0
19:59:00,0.004713687,0,0.009181237,0.18315827,0.523649217,1
16:24:00,0.626060418,0.840621266,0.688900291,0.267802109,0.099197666,0
23:36:00,0.00382541,0,0.014153364,0.128025771,0.455307378,1
07:26:00,0.542675357,0.744499586,0.64194656,0.042905466,0.65443528,0
16:51:00,0.543011587,0.719235364,0.58619805,0.255767215,0.124483345,0
12:44:00,0.999806021,1,1,0.650382767,0.177747854,0
06:56:00,0.106765984,0.120099256,0.122005368,0.023784939,0.658475004,1
11:34:00,0.749922408,1,0.880560051,0.181021898,0.40902205,0
05:09:00,0.00039967,0,0.016897877,0.0322357,0.723339251,1
17:04:00,0.49780732,0.652409399,0.530271934,0.252372757,0.114758084,0
16:45:00,0.559318746,0.743507031,0.60624778,0.256863094,0.104022892,0
14:47:00,0.703328678,0.956079404,0.788471405,0.260067652,0.069685238,0
23:06:00,0.000114191,0,0.008272263,0.138034471,0.491969778,1
01:48:00,0.000446151,0,0.011534515,0.092202243,0.460023565,1
03:11:00,0.000155183,0,0.013354975,0.082214705,0.521629355,1
13:06:00,0.997478274,1,0.898231835,0.910699662,0.33731695,0
08:55:00,0.645328988,0.898924731,0.7762166,0.069182838,0.709981485,0
05:30:00,0.000174581,0,0.019082764,0.029873598,0.671604107,1
11:08:00,0.726606145,1,0.852587126,0.171942318,0.512035011,0
01:12:00,0.000155183,0,0.010335675,0.10224319,0.435785221,1
19:40:00,0.00508081,0,0.010432701,0.189626728,0.442499392,1
16:04:00,0.682146182,0.924234905,0.759077634,0.273099519,0.123211581,0
18:06:00,0.275333644,0.341935484,0.290198129,0.231333452,0.124221512,1
17:06:00,0.490145872,0.641770058,0.520552946,0.251415346,0.104022892,0
20:12:00,0.00413175,0,0.009447646,0.179205982,0.547382596,1
21:02:00,0.003958633,0,0.01140885,0.170313838,0.561331076,1
16:16:00,0.648774628,0.875268817,0.716435779,0.269242181,0.053488938,0
05:50:00,0.00027157,0,0.01775072,0.03425316,0.666049487,1
05:33:00,0.000152255,0,0.018161224,0.029301212,0.683704224,1
04:00:00,0.00030451,0,0.014632564,0.053982351,0.579166839,1
02:18:00,0.000193979,0,0.011889726,0.085526082,0.496381081,1
15:02:00,0.665192427,0.899255583,0.740606623,0.258999466,0.076754755,0
09:41:00,0.680671943,0.947973532,0.817065951,0.095139754,0.600908938,0
18:45:00,0.04853352,0.031679074,0.048476536,0.218835677,0.339336812,1
23:33:00,0.003918374,0,0.013399376,0.130496706,0.462043427,1
22:39:00,0.00382541,0,0.012497943,0.149929627,0.488997151,1
23:00:00,0.00030451,0,0.007967318,0.138977699,0.4870154,1
05:53:00,0.000323542,0,0.018509734,0.034017353,0.656455142,1
07:57:00,0.663834575,0.933002481,0.815023483,0.034573616,0.86854065,0
16:08:00,0.669382371,0.904301075,0.743004302,0.270963148,0.116142064,0
22:21:00,0.004054159,0,0.012022931,0.154584298,0.475677495,1
15:14:00,0.673611111,0.913647643,0.75019734,0.264660851,0.065645514,0
13:40:00,0.767070143,1,0.865197143,0.264340395,0.063625652,0
05:29:00,0.000228383,0,0.018901807,0.031711684,0.684695099,1
05:49:00,0.000247415,0,0.017377078,0.033702944,0.65695058,1
12:12:00,0.768136308,1,0.897212246,0.202278797,0.315098468,0
04:22:00,0.00030451,0,0.014981074,0.049895029,0.671813715,1
11:57:00,0.751900993,1,0.877718357,0.193519672,0.348426191,0
06:08:00,0.000193979,0,0.018905158,0.030033826,0.671604107,1
23:22:00,0.005195706,0,0.01563453,0.13101266,0.478097519,1
00:17:00,0.000581937,0,0.010158069,0.119440983,0.403972395,1
02:45:00,0.000193979,0,0.012777756,0.080185152,0.530718734,1
21:13:00,0.004364525,0,0.011845325,0.162328645,0.482747012,1
12:52:00,0.999068901,1,0.92531673,0.918070144,0.335297088,0
01:35:00,0.000290968,0,0.010291274,0.096154531,0.468607978,1
03:16:00,0.000232775,0,0.013132968,0.079063557,0.555462043,1
19:57:00,0.004170546,0,0.009536449,0.184066228,0.55243225,1
21:57:00,0.004073557,0,0.010957296,0.15292861,0.50547046,1
05:38:00,0.000290968,0,0.018372341,0.02896564,0.678168658,1
10:36:00,0.70965239,0.982382134,0.837135415,0.151646787,0.533243562,0
09:15:00,0.663563004,0.923655914,0.798062123,0.083710166,0.648375694,0
13:41:00,0.768040037,1,0.866529187,0.266369948,0.088873927,0
02:17:00,0.000252173,0,0.012777756,0.085419263,0.503450598,1
10:30:00,0.704887693,0.976901633,0.834616042,0.140664253,0.503768539,0
05:08:00,0.000349162,0,0.017706319,0.031582695,0.728665208,1
16:43:00,0.566030416,0.754425145,0.616548921,0.255474453,0.085844134,0
20:51:00,0.004700877,0,0.01023263,0.17104746,0.542009,1
19:07:00,3.88E-05,0,0.00292063,0.210183372,0.412051843,1
19:23:00,0.000448307,0,0,0.209376298,0.334548991,1
23:31:00,0.003863474,0,0.012846452,0.130803054,0.449857562,1
15:28:00,0.693396958,0.941108354,0.776305403,0.258999466,0.075744824,0
01:34:00,0.000310366,0,0.010646485,0.096474987,0.473657633,1
05:51:00,0.000387958,0,0.019393575,0.034359979,0.657465073,1
15:03:00,0.664261328,0.900165426,0.741228243,0.256863094,0.052516411,0
18:12:00,0.244775502,0.297252091,0.254403968,0.229948767,0.161439339,1
22:54:00,9.70E-05,0,0.008115602,0.141392202,0.468103013,1
19:14:00,0.000149436,0,0.001710279,0.208964849,0.297592998,1
22:12:00,0.004403321,0,0.013177369,0.153302475,0.482747012,1
08:10:00,0.611072315,0.850951199,0.738386549,0.033825886,0.817034169,0
13:16:00,0.988553808,1,0.920557551,0.615785413,0.15852176,0
07:23:00,0.502140952,0.681003584,0.584658799,0.040373469,0.656455142,0
04:14:00,0.000232775,0,0.014864625,0.04787253,0.63423666,1
07:19:00,0.42828241,0.576184787,0.497349068,0.030087235,0.676878191,0
05:25:00,0.000193979,0,0.017928326,0.03200997,0.678673624,1
11:43:00,0.743831471,1,0.867150807,0.183265088,0.37771419,0
18:03:00,0.28483861,0.353267163,0.297923985,0.231974364,0.131291028,1
04:03:00,0.000266446,0,0.014545437,0.054191958,0.585607531,1
20:58:00,0.00412992,0,0.010189066,0.170733051,0.556872136,1
23:41:00,0.00392057,0,0.014066236,0.126610928,0.433508113,1
17:05:00,0.492822781,0.644251447,0.523749852,0.251628983,0.106042754,0
22:58:00,0.000290968,0,0.008470813,0.139522877,0.487291702,1
13:01:00,0.997827436,1,0.901428741,0.953427096,0.341356674,0
02:25:00,0.000135785,0,0.011534515,0.085419263,0.527183976,1
19:03:00,0.000426754,0,0.005140703,0.211572014,0.373674466,1
13:08:00,0.997407867,1,0.893107577,0.903491385,0.315098468,0
14:35:00,0.700418994,0.951612903,0.786872953,0.255581271,0.078774617,0
23:02:00,0.00027157,0,0.00958085,0.138935375,0.489311564,1
18:43:00,0.061455388,0.048586221,0.062596203,0.218428184,0.308290785,1
05:46:00,0.000171287,0,0.01728995,0.032445306,0.668841088,1
21:01:00,0.004151148,0,0.009936062,0.169378672,0.586769904,1
16:06:00,0.673843886,0.911662531,0.749575719,0.270963148,0.121191719,0
02:19:00,0.000290968,0,0.01228934,0.085793128,0.499410874,1
02:23:00,0.000193979,0,0.01228934,0.085579491,0.514054873,1
07:59:00,0.650530496,0.913341298,0.796733368,0.034818903,0.815949429,0
03:10:00,9.70E-05,0,0.012733354,0.082107887,0.550412388,1
14:13:00,0.742822781,1,0.838733867,0.260067652,0.057566066,0
13:48:00,0.763268156,1,0.86359869,0.263592665,0.08180441,0
06:58:00,0.129267536,0.150372208,0.147758219,0.026134947,0.652415418,1
13:31:00,0.785653321,1,0.869548486,0.303649635,0,0
23:50:00,0.003768315,0,0.013107835,0.124148055,0.40427728,1
19:39:00,0.002966736,0,0.007658528,0.197214339,0.37147638,1
12:22:00,0.789494103,1,0.923363066,0.209862916,0.281770746,0
14:33:00,0.703879003,0.95826364,0.790661878,0.254944316,0.076829565,0
00:24:00,0.000342574,0,0.01058114,0.118069472,0.423103918,1
09:17:00,0.664028554,0.924979322,0.798506137,0.083816984,0.650395556,0
03:07:00,0.000174581,0,0.013443778,0.079544241,0.56707625,1
10:40:00,0.710583489,0.98420182,0.839000276,0.151860424,0.523144252,0
01:13:00,0.000252173,0,0.011667719,0.102563646,0.450934186,1
15:15:00,0.675240534,0.913813069,0.750552552,0.26476767,0.054536273,0
00:02:00,0.000152255,0,0.010276194,0.122366401,0.423103918,1
19:56:00,0.004189944,0,0.009003631,0.183585544,0.536273355,1
22:19:00,0.00422874,0,0.012378143,0.154530888,0.468607978,1
00:08:00,0.000266446,0,0.011670232,0.12131837,0.452334751,1
04:15:00,0.000252173,0,0.015397442,0.048246395,0.645850867,1
12:55:00,0.998491275,1,0.911493073,0.971071944,0.36761488,0
23:59:00,0.002892848,0,0.012105869,0.122942818,0.395854837,1
01:44:00,0.000252173,0,0.012822157,0.09471248,0.467598047,1
07:30:00,0.592760708,0.820181969,0.710413624,0.048353213,0.640296246,0
06:49:00,0.046787709,0.04598842,0.065260291,0.028591775,0.630196937,1
01:49:00,0.000149436,0,0.015478023,0.091907503,0.454655969,1
23:35:00,0.004054159,0,0.0141098,0.128039879,0.465578185,1
20:47:00,0.004263144,0,0.011452414,0.171623878,0.534577433,1
15:48:00,0.711087834,0.967245658,0.796996487,0.274274524,0.088873927,0
19:01:00,0.000821896,0,0.004703267,0.212462168,0.313153416,1
03:28:00,0.000523743,0,0.015397442,0.063521453,0.590809628,1
06:34:00,0.001416046,0,0.019038363,0.031422468,0.672614038,1
14:45:00,0.701621664,0.953598015,0.784830485,0.258358554,0.077764686,0
11:25:00,0.73731378,1,0.866351581,0.177390066,0.370644673,0
10:43:00,0.713725947,0.989247312,0.842907605,0.151539968,0.518094597,0
03:13:00,0.000232775,0,0.012777756,0.079704469,0.538798182,1
14:56:00,0.686918063,0.933498759,0.769023562,0.258465373,0.078774617,0
11:06:00,0.722670529,0.996893668,0.846673508,0.169774296,0.472647702,0
23:47:00,0.003530416,0,0.014154201,0.125476233,0.462548393,1
08:01:00,0.635513656,0.888585608,0.774174133,0.037991811,0.791785895,0
22:10:00,0.003995965,0,0.015441844,0.153943386,0.513044942,1
18:23:00,0.180090006,0.206534326,0.184611438,0.225244793,0.199966336,1
11:10:00,0.725061498,1,0.855224902,0.173785928,0.501823487,0
19:30:00,0.000232775,0,0.002565418,0.207726544,0.356505639,1
22:53:00,0.000349162,0,0.007804791,0.141605839,0.482242047,1
04:56:00,0.000209351,0,0.016767186,0.036742235,0.678749845,1
10:06:00,0.696267846,0.969396195,0.834293721,0.111696635,0.532233631,0
15:36:00,0.703393337,0.958104341,0.790405336,0.26348189,0.05543399,0
05:42:00,0.000209351,0,0.016723622,0.031502078,0.675777218,1
02:10:00,0.000329764,0,0.012200537,0.086647677,0.481737081,1
16:47:00,0.553693358,0.735483871,0.601186013,0.256863094,0.087863996,0
18:49:00,0.025605214,0.002067825,0.028851087,0.214776571,0.290860125,1
07:06:00,0.218960503,0.277897252,0.251924064,0.028647162,0.636032093,1
13:09:00,0.997943824,1,0.895567747,0.896813246,0.315098468,0
07:43:00,0.645729878,0.920609319,0.808363263,0,1,0
09:32:00,0.676171633,0.942845327,0.815645104,0.082001068,0.630196937,0
12:15:00,0.774014587,1,0.90533607,0.203346982,0.273691298,0
04:43:00,0.000247415,0,0.016985004,0.038104675,0.723834689,1
10:05:00,0.694716015,0.967493797,0.83305048,0.111696635,0.507995287,0
17:10:00,0.480408132,0.627047146,0.50856455,0.250560798,0.121191719,0
04:31:00,0.000247415,0,0.018117661,0.046698533,0.706989802,1
00:16:00,0.000298871,0,0.011458868,0.117931676,0.400194505,1
02:13:00,0.00027157,0,0.012333741,0.086914723,0.474162599,1
15:41:00,0.707712601,0.961124897,0.792023523,0.266369948,0.044436963,0
04:24:00,0.000407356,0,0.017306706,0.046964572,0.659989901,1
16:32:00,0.604864991,0.810918114,0.663792083,0.264554032,0.107052685,0
13:00:00,0.998331782,1,0.89778782,0.975858999,0.368624811,0
23:05:00,0.000209351,0,0.008882155,0.138715691,0.517237108,1
02:35:00,0.000193979,0,0.012111734,0.082855617,0.513044942,1
06:09:00,0.000349162,0,0.017617516,0.030354282,0.677663693,1
13:03:00,0.997632021,1,0.901744484,0.924063854,0.341356674,0
11:35:00,0.772579143,1,0.911729881,0.182730995,0.404982326,0
09:58:00,0.693319367,0.963275434,0.828343924,0.115328467,0.551422319,0
19:13:00,7.76E-05,0,0.003986265,0.209649279,0.308028951,1
00:18:00,0.000329764,0,0.010513281,0.119280755,0.423161084,1
03:45:00,0.000380638,0,0.015242456,0.054663572,0.58808472,1
10:02:00,0.695181564,0.966087676,0.829764771,0.118639843,0.504965494,0
00:32:00,0.000193979,0,0.011356909,0.116823927,0.39336812,1
23:20:00,0.005858163,0,0.014331807,0.132686487,0.499915839,1
04:20:00,0.000213377,0,0.016107866,0.048032758,0.65897997,1
23:58:00,0.003597028,0,0.014806819,0.123571637,0.39734115,1
09:10:00,0.660226567,0.920099256,0.794510005,0.079116966,0.676653762,0
08:31:00,0.62600869,0.871960298,0.754193472,0.049528218,0.804914997,0
22:11:00,0.004244112,0,0.014284055,0.153545336,0.487510838,1
07:25:00,0.526536313,0.719602978,0.620811461,0.042050917,0.657465073,0
20:46:00,0.004383923,0,0.010246872,0.171408225,0.528193907,1
13:42:00,0.767341713,1,0.866706792,0.265835855,0.072715031,0
00:23:00,0.000116387,0,0.010113668,0.117678476,0.410536947,1
23:23:00,0.005062483,0,0.01445831,0.130698251,0.456298254,1
04:29:00,0.00027157,0,0.017351107,0.04637707,0.685743141,1
07:34:00,0.58375656,0.805278592,0.695228322,0.0516743,0.630196937,0
20:01:00,0.004694289,0,0.007804791,0.182143493,0.541827975,1
18:51:00,0.018078833,0,0.022368473,0.214028841,0.27571116,1
01:18:00,0.000242833,0,0.011031298,0.102450893,0.463894967,1
16:33:00,0.600955238,0.804062127,0.656661536,0.264407651,0.067104303,0
12:08:00,0.766940824,1,0.897896357,0.194666983,0.349136883,0
17:55:00,0.31706497,0.401513341,0.335300154,0.234783297,0.124483345,1
21:39:00,0.004112353,0,0.009536449,0.162115008,0.551422319,1
10:52:00,0.717450341,0.993052109,0.846015708,0.160299092,0.450429221,0
06:04:00,0.000290968,0,0.016995895,0.033291793,0.65443528,1
22:44:00,0.003901538,0,0.011583105,0.146471124,0.456298254,1
02:39:00,0.000232775,0,0.013532581,0.080024924,0.515064804,1
11:18:00,0.732464308,1,0.862355449,0.171194588,0.440329911,0
15:24:00,0.689090627,0.934739454,0.770888424,0.263272209,0.079784548,0
09:59:00,0.694912868,0.96694544,0.830682401,0.117108777,0.544614637,0
01:26:00,0.000290968,0,0.011534515,0.098931814,0.502440667,1
00:01:00,0.000174581,0,0.009358843,0.122965996,0.415081636,1
14:20:00,0.73033054,0.994871795,0.822038915,0.263379028,0.073724962,0
03:23:00,0.000589989,0,0.01376129,0.067868768,0.531604806,1
14:05:00,0.751997264,1,0.849580982,0.262556129,0.05543399,0
01:41:00,0.000426754,0,0.012067332,0.094498843,0.460023565,1
08:00:00,0.643466791,0.901157982,0.785540909,0.037671355,0.811984514,0
10:26:00,0.701226521,0.972043011,0.831024457,0.134492513,0.53877948,0
16:46:00,0.556909097,0.739466348,0.604155977,0.256487251,0.079747143,0
20:41:00,0.004422719,0,0.009403244,0.173598006,0.520114459,1
22:22:00,0.004034761,0,0.012192997,0.15469817,0.485033648,1
23:57:00,0.003801986,0,0.014553815,0.123339861,0.400437637,1
21:54:00,0.004301208,0,0.011234595,0.1556938,0.511291854,1
10:41:00,0.711863749,0.985773366,0.839888306,0.152180879,0.498905908,0
09:09:00,0.658973607,0.918438869,0.793056268,0.080489783,0.688548505,0
05:36:00,0.000171287,0,0.016505804,0.029458416,0.680731597,1
20:23:00,0.004015363,0,0.00958085,0.178084387,0.539808113,1
15:11:00,0.668412477,0.904631927,0.742737893,0.261242656,0.099983168,0
07:46:00,0.663524209,0.940777502,0.828965544,0.012141713,0.906918027,0
14:28:00,0.71589851,0.974689826,0.804899949,0.260281289,0.052516411,0
14:42:00,0.698200451,0.948864994,0.782623568,0.254327142,0.038901045,0
21:59:00,0.004306331,0,0.011578916,0.152608154,0.484766874,1
18:48:00,0.030335425,0.015531661,0.03583034,0.216576662,0.314125942,1
22:02:00,0.004187016,0,0.011016777,0.152968918,0.518227984,1
10:09:00,0.697470515,0.970554177,0.832961677,0.116503472,0.551422319,0
13:28:00,0.794382371,1,0.866085172,0.325120171,0.019188689,0
23:37:00,0.004244112,0,0.014240491,0.127868566,0.465216135,1
05:11:00,0.00027157,0,0.019038363,0.03126224,0.707456657,1
22:40:00,0.004248138,0,0.011356909,0.149777461,0.482747012,1
20:20:00,0.004034761,0,0.010389944,0.178569027,0.527595429,1
07:48:00,0.669809125,0.947311828,0.83216245,0.017375823,0.908937889,0
02:15:00,0.000266446,0,0.012018742,0.086733333,0.481565584,1
07:00:00,0.142807263,0.168817204,0.16258831,0.029659961,0.662514728,1
12:38:00,0.869568591,1,1,0.259319922,0.108062616,0
19:31:00,0,0,0.0050519,0.206978814,0.35751557,1
08:40:00,0.632022036,0.878411911,0.75987686,0.064803276,0.77663693,0
02:38:00,0.000228383,0,0.012672198,0.081702782,0.527641303,1
12:28:00,0.810015633,1,0.945955191,0.22130833,0.228543642,0
01:20:00,0.000252173,0,0.010824091,0.101762507,0.464568255,1
17:22:00,0.452304182,0.589247312,0.479391141,0.245686705,0.112813032,0
03:49:00,0.00027157,0,0.015353041,0.05161118,0.589799697,1
07:04:00,0.195802297,0.244747725,0.223240715,0.03126224,0.636256522,1
08:51:00,0.640945065,0.892969396,0.771332439,0.068007833,0.703921899,0
09:25:00,0.673611111,0.941025641,0.815289892,0.07281467,0.63322673,0
21:56:00,0.004170546,0,0.010513281,0.15292861,0.498400943,1
06:43:00,0.019747052,0.012572374,0.036932155,0.029392914,0.675643831,1
00:52:00,0.00035491,0,0.011074055,0.108622634,0.412837345,1
10:56:00,0.719351335,0.996443342,0.848058176,0.161794552,0.447399428,0
07:01:00,0.153769225,0.18438869,0.174619463,0.030395822,0.635059567,1
03:33:00,0.00027157,0,0.015797056,0.059782802,0.635751557,1
20:29:00,0.003997402,0,0.009748589,0.17610033,0.551908583,1
09:53:00,0.692271881,0.963027295,0.826923077,0.110735268,0.603938731,0
02:01:00,0.000252173,0,0.012200537,0.091080648,0.479717219,1
13:25:00,0.804635952,1,0.856080041,0.357600934,0.026258206,0
19:50:00,0.004422719,0,0.009758456,0.183959409,0.483756943,1
04:02:00,0.000407356,0,0.01593026,0.053373687,0.579700387,1
03:01:00,0.00027157,0,0.014198603,0.080559017,0.586769904,1
18:50:00,0.021531657,0,0.016862691,0.213815204,0.263591988,1
03:22:00,0.000266446,0,0.014153364,0.071798885,0.531109368,1
18:33:00,0.1222455,0.1254756,0.122360579,0.221399323,0.229254334,1
17:47:00,0.355563315,0.454259719,0.376958598,0.237742567,0.134320821,1
05:35:00,0.000387958,0,0.018461144,0.030354282,0.685238175,1
20:42:00,0.004244112,0,0.010319758,0.173353129,0.521696049,1
01:21:00,0.000581937,0,0.012156135,0.101014777,0.473152668,1
08:09:00,0.611925822,0.851861042,0.738564155,0.036389532,0.815014307,0
10:11:00,0.698983551,0.970223325,0.832872874,0.125369414,0.525164114,0
03:21:00,0.000116387,0,0.014243004,0.072333986,0.5312237,1
12:00:00,0.757797952,1,0.886154636,0.19373331,0.331257364,0
17:42:00,0.38097455,0.489991729,0.404753917,0.241160762,0.131291028,1
21:30:00,0.003957169,0,0.009403244,0.15896386,0.505975425,1
03:51:00,0.000133223,0,0.015983039,0.05094306,0.602452417,1
07:28:00,0.568452997,0.783034648,0.677441423,0.043767927,0.634087041,0
04:12:00,0.000228383,0,0.015460275,0.049633021,0.61781099,1
19:26:00,0.000232775,0,0.003275842,0.208687912,0.338326881,1
16:38:00,0.581827482,0.777857427,0.633145203,0.259675984,0.104060297,0
14:18:00,0.733280456,1,0.826064649,0.263379028,0.053488938,0
05:19:00,0.000484947,0,0.017928326,0.034146341,0.696852382,1
11:56:00,0.76222067,1,0.892015629,0.190421933,0.353475846,0
17:53:00,0.330229671,0.419189413,0.348186447,0.234751647,0.13331089,1
04:25:00,0.000228383,0,0.018248352,0.046488927,0.662895834,1
08:21:00,0.620195071,0.864755078,0.75183855,0.038316223,0.80816922,0
22:26:00,0.003882506,0,0.013543472,0.151868485,0.469675075,1
06:50:00,0.053421788,0.053349876,0.071387694,0.027096315,0.638276384,1
04:37:00,0.000135785,0,0.018727553,0.040395229,0.71048645,1
08:20:00,0.618947858,0.863110008,0.748865296,0.038205448,0.810974583,0
11:37:00,0.754612387,1,0.89644262,0.182734951,0.387065402,0
10:55:00,0.718885785,0.993879239,0.845749299,0.160405911,0.474667564,0
19:22:00,7.76E-05,0,0.001588586,0.209115186,0.334287157,1
12:09:00,0.766992551,1,0.895922959,0.197044686,0.340346743,0
23:28:00,0.004320239,0,0.01376129,0.12865459,0.459270881,1
20:35:00,0.004383923,0,0.009847259,0.174612783,0.530213769,1
05:18:00,0.000209351,0,0.015895912,0.034541369,0.706494364,1
21:09:00,0.004377335,0,0.011975178,0.164130453,0.475124892,1
20:09:00,0.004325729,0,0.00927004,0.179045754,0.566571284,1
21:19:00,0.004189944,0,0.011667719,0.163236603,0.510520114,1
10:31:00,0.705307263,0.978577337,0.835359356,0.139896742,0.516074735,0
18:01:00,0.287088765,0.360876758,0.304228993,0.233897098,0.1434102,1
17:58:00,0.301132837,0.378081059,0.316572601,0.234644828,0.134320821,1
15:46:00,0.709497207,0.966253102,0.795131626,0.273526794,0.069685238,0
01:11:00,0.000329764,0,0.010912894,0.10304433,0.4448746,1
04:49:00,7.76E-05,0,0.017528713,0.038686131,0.708971554,1
17:30:00,0.42729671,0.554259719,0.454483562,0.242442585,0.105032823,0
17:40:00,0.389548417,0.500744417,0.412302167,0.242656222,0.125231443,0
07:16:00,0.346989448,0.4617866,0.402445041,0.027309952,0.656455142,1
08:26:00,0.622943824,0.867990074,0.754193472,0.046216842,0.763507827,0
07:50:00,0.671011794,0.947725393,0.832251253,0.025387217,0.887729338,0
06:10:00,0.000152255,0,0.017725587,0.031502078,0.680236159,1
07:08:00,0.240844196,0.309677419,0.274835221,0.027416771,0.647365763,1
17:19:00,0.457867784,0.597353184,0.485830998,0.246715328,0.107052685,0
14:25:00,0.722377405,0.984119107,0.812714607,0.262417661,0.059585928,0
05:56:00,0.000551925,0,0.018030533,0.035432195,0.644069196,1
20:14:00,0.004151148,0,0.009802857,0.179900303,0.555967009,1
09:46:00,0.685311631,0.953882915,0.822045493,0.101473701,0.633114515,0
16:10:00,0.66709342,0.90248139,0.741849864,0.269788143,0.064635583,0
22:59:00,0.000174581,0,0.00989166,0.139683105,0.48527184,1
19:34:00,0.00027157,0,0.004163871,0.206765177,0.380743982,1
09:49:00,0.686297331,0.954342432,0.820618068,0.105073883,0.599899007,0
14:11:00,0.746081626,1,0.842197182,0.262738116,0.053526342,0
00:46:00,0.00027157,0,0.011889726,0.110094356,0.396902878,1
15:39:00,0.706121974,0.959801489,0.793177961,0.264233577,0.041407171,0
10:10:00,0.697819677,0.969644334,0.830563997,0.121310308,0.548392527,0
20:54:00,0.003801986,0,0.009492047,0.169859356,0.538293217,1
10:57:00,0.719495023,0.995539626,0.845903882,0.161030997,0.455142232,0
21:10:00,0.004461515,0,0.01140131,0.16345024,0.493856253,1
19:28:00,7.76E-05,0,0.002299009,0.207619726,0.341356674,1
13:44:00,0.766139044,1,0.86661799,0.262631298,0.079784548,0
16:22:00,0.631944444,0.85070306,0.69576114,0.268826776,0.129271166,0
08:53:00,0.643001241,0.896029777,0.773374906,0.069930568,0.714021209,0
06:03:00,0.000329764,0,0.017573114,0.035161118,0.650395556,1
05:20:00,0.000323542,0,0.016897877,0.034384164,0.699558235,1
23:27:00,0.003901538,0,0.013891981,0.128497385,0.465216135,1
09:12:00,0.662670701,0.923738627,0.80010459,0.07580559,0.68473321,0
02:43:00,0.00027157,0,0.012022931,0.079544241,0.515569769,1
16:25:00,0.623603352,0.836972705,0.685459999,0.267865409,0.095943444,0
21:05:00,0.004148952,0,0.011495978,0.166855335,0.501383097,1
09:42:00,0.681799894,0.949103943,0.818026338,0.096844895,0.617554097,0
12:39:00,0.873137803,1,1,0.269574506,0.124221512,0
03:19:00,0.000232775,0,0.013932194,0.075591953,0.53677832,1
18:55:00,0.005896958,0,0.008515215,0.213067474,0.283790608,1
14:06:00,0.750620732,1,0.845749299,0.265835855,0.082814341,0
17:03:00,0.502909683,0.657981803,0.532896554,0.252803988,0.105032823,0
13:18:00,0.87399131,1,0.84335162,0.514509525,0.107052685,0
05:03:00,0.000252173,0,0.017573114,0.032116788,0.698872244,1
14:31:00,0.708604904,0.964433416,0.796730079,0.259319922,0.002019862,0
23:17:00,0.006653476,0,0.01473142,0.133594445,0.5165797,1
16:05:00,0.678344196,0.919520265,0.756058334,0.271604059,0.114122202,0
18:00:00,0.288834575,0.360215054,0.302985752,0.233469824,0.147449924,1
22:36:00,0.004054159,0,0.012111734,0.149937689,0.504965494,1
00:49:00,0.00033623,0,0.01107657,0.109484862,0.410863689,1
05:39:00,0.00027157,0,0.017661917,0.029446324,0.660999832,1
06:45:00,0.029290081,0.023899371,0.046956833,0.030401645,0.679740721,1
20:26:00,0.004248138,0,0.007271974,0.176215061,0.523649217,1
09:11:00,0.661662011,0.922084367,0.796197261,0.076873776,0.682713348,0
18:30:00,0.13766754,0.145997611,0.136651274,0.223468439,0.262582057,1
11:20:00,0.733511794,1,0.86208904,0.171621862,0.443359704,0
04:50:00,0.000426754,0,0.018505545,0.037564536,0.699882175,1
04:47:00,0.000380638,0,0.017159259,0.040567549,0.719375748,1
17:11:00,0.478274364,0.625392887,0.508830959,0.250026705,0.126241374,0
03:48:00,0.000213377,0,0.014775822,0.051557771,0.590809628,1
15:31:00,0.697819677,0.947477254,0.78287682,0.262738116,0.075744824,0
17:12:00,0.475791434,0.620430108,0.505634053,0.249813067,0.109072547,0
18:32:00,0.126823402,0.131100083,0.124403047,0.221933416,0.233294058,1
19:37:00,0.000232775,0,0.004252674,0.205910628,0.342366605,1
15:12:00,0.670003104,0.907113317,0.745934799,0.263058572,0.072715031,0
21:49:00,0.004605718,0,0.010276194,0.156375021,0.510796416,1
21:52:00,0.003937772,0,0.010513281,0.155385437,0.521629355,1
20:49:00,0.003958633,0,0.009971248,0.171990689,0.546467941,1
11:02:00,0.722532588,0.99834574,0.848058176,0.165319566,0.442349773,0
09:19:00,0.664959652,0.926550868,0.800548605,0.080826064,0.61302811,0
05:48:00,0.00027157,0,0.018283538,0.033825886,0.660999832,1
17:34:00,0.414261328,0.536889992,0.442495165,0.243297134,0.105032823,0
07:45:00,0.656153011,0.931927213,0.821950112,0.009150792,0.947315267,0
09:50:00,0.687814677,0.955555556,0.822045493,0.106411093,0.601993679,0
17:48:00,0.351256983,0.448056245,0.371541619,0.236994837,0.149469786,1
19:58:00,0.004501747,0,0.008679665,0.184123593,0.540724532,1
05:28:00,0.000329764,0,0.018061531,0.031903151,0.686248106,1
03:06:00,0.000174581,0,0.014198603,0.078689692,0.555967009,1
03:31:00,0.000437734,0,0.014981074,0.058646091,0.628710623,1
12:50:00,0.999462607,1,0.936634171,0.865843768,0.288840263,0
23:12:00,0.000193979,0,0.009092434,0.134181948,0.479717219,1
22:08:00,0.004434431,0,0.011321723,0.155746202,0.503364849,1
12:13:00,0.769863439,1,0.894502112,0.20430835,0.314088537,0
05:13:00,0.000228383,0,0.018248352,0.031344873,0.701539986,1
13:02:00,0.997633457,1,0.902849588,0.927256543,0.341356674,0
12:02:00,0.760280881,1,0.888197103,0.195121951,0.346406329,0
04:40:00,0.00030451,0,0.01763846,0.039205108,0.69609017,1
15:49:00,0.71075304,0.967901235,0.797930563,0.272019465,0.078774617,0
07:27:00,0.553499379,0.760049628,0.656954257,0.044294107,0.635246591,0
07:14:00,0.320297952,0.423573201,0.369587954,0.028805412,0.648375694,1
21:33:00,0.00392057,0,0.008969283,0.161667579,0.572230709,1
11:19:00,0.733205738,1,0.861467419,0.170082883,0.444444444,0
09:02:00,0.649596524,0.905210918,0.782077594,0.073241944,0.700892106,0
09:36:00,0.679624457,0.947725393,0.818042783,0.087555635,0.616057903,0
15:09:00,0.664882061,0.899751861,0.739807396,0.257290369,0.066655445,0
06:18:00,0.000426754,0,0.017795122,0.031315649,0.682713348,1
21:26:00,0.004092955,0,0.010824091,0.161527506,0.482747012,1
17:44:00,0.369927811,0.474074074,0.390285617,0.239412102,0.134208607,1
11:36:00,0.77913563,1,0.924251095,0.182944632,0.434270325,0
20:25:00,0.004034761,0,0.008969283,0.176130413,0.528136741,1
18:20:00,0.193047796,0.224483044,0.198020681,0.227487983,0.239353644,1
13:45:00,0.764897579,1,0.865907566,0.263485847,0.074734893,0
23:54:00,0.003635091,0,0.013543472,0.123309629,0.412699723,1
15:47:00,0.710428305,0.964350703,0.794865217,0.275022254,0.078774617,0
09:24:00,0.670740223,0.936972705,0.812004184,0.073028307,0.620097627,0
23:56:00,0.003433426,0,0.013266172,0.123339861,0.401447568,1
15:45:00,0.709893786,0.961449622,0.792457671,0.273048088,0.083637248,0
03:40:00,0.000361606,0,0.015503838,0.056759635,0.58808472,1
20:53:00,0.004167984,0,0.008751464,0.169789823,0.528136741,1
07:17:00,0.371469584,0.495368073,0.429618739,0.028057682,0.656455142,1
02:06:00,0.000232775,0,0.011268106,0.091988606,0.471132806,1
14:23:00,0.725209497,0.988006617,0.816266725,0.263379028,0.049486618,0
06:32:00,0.000742244,0,0.017246387,0.0322357,0.669336526,1
22:27:00,0.004364525,0,0.015752654,0.151807014,0.473152668,1
14:21:00,0.7288563,0.9936311,0.820085251,0.263592665,0.073724962,0
16:59:00,0.51792365,0.682878412,0.553854047,0.253444899,0.108062616,0
01:36:00,0.000448307,0,0.011501625,0.094993373,0.468757598,1
13:04:00,0.998060211,1,0.902760785,0.915720135,0.341356674,0
11:44:00,0.742163253,1,0.863243478,0.182303721,0.293889918,0
23:04:00,0.000116387,0,0.007405178,0.13856151,0.491836391,1
14:51:00,0.701562751,0.953723616,0.787155806,0.257927324,0.054461464,0
23:43:00,0.003879578,0,0.012822157,0.126010326,0.410031981,1
17:07:00,0.488283675,0.637717122,0.519487311,0.250560798,0.114122202,0
14:48:00,0.702979516,0.957237386,0.789981055,0.257717643,0.08180441,0
07:02:00,0.169731533,0.208271299,0.192514899,0.028484956,0.649385625,1
20:31:00,0.004383923,0,0.009136835,0.175467331,0.551422319,1
04:05:00,0.000155183,0,0.015841457,0.054228236,0.578185491,1
11:53:00,0.756866853,1,0.885000197,0.194801495,0.363575156,0
01:23:00,0.000112077,0,0.012656063,0.10101082,0.485290542,1
10:39:00,0.710566246,0.983751493,0.838891739,0.149819002,0.506686117,0
12:05:00,0.76342334,1,0.890861191,0.199608332,0.339336812,0
